-- MySQL dump 10.13  Distrib 8.0.18, for Win64 (x86_64)
--
-- Host: 127.0.0.1    Database: hotel
-- ------------------------------------------------------
-- Server version	8.0.18

/*!40101 SET @OLD_CHARACTER_SET_CLIENT=@@CHARACTER_SET_CLIENT */;
/*!40101 SET @OLD_CHARACTER_SET_RESULTS=@@CHARACTER_SET_RESULTS */;
/*!40101 SET @OLD_COLLATION_CONNECTION=@@COLLATION_CONNECTION */;
/*!50503 SET NAMES utf8mb4 */;
/*!40103 SET @OLD_TIME_ZONE=@@TIME_ZONE */;
/*!40103 SET TIME_ZONE='+00:00' */;
/*!40014 SET @OLD_UNIQUE_CHECKS=@@UNIQUE_CHECKS, UNIQUE_CHECKS=0 */;
/*!40014 SET @OLD_FOREIGN_KEY_CHECKS=@@FOREIGN_KEY_CHECKS, FOREIGN_KEY_CHECKS=0 */;
/*!40101 SET @OLD_SQL_MODE=@@SQL_MODE, SQL_MODE='NO_AUTO_VALUE_ON_ZERO' */;
/*!40111 SET @OLD_SQL_NOTES=@@SQL_NOTES, SQL_NOTES=0 */;

--
-- Table structure for table `account`
--

DROP TABLE IF EXISTS `account`;
/*!40101 SET @saved_cs_client     = @@character_set_client */;
/*!50503 SET character_set_client = utf8mb4 */;
CREATE TABLE `account` (
  `user_id` bigint(20) NOT NULL,
  `address` varchar(255) DEFAULT NULL,
  `email` varchar(255) DEFAULT NULL,
  `firstname` varchar(255) DEFAULT NULL,
  `hotel_id` bigint(20) DEFAULT NULL,
  `is_enabled` bit(1) DEFAULT NULL,
  `lastname` varchar(255) DEFAULT NULL,
  `password` varchar(255) DEFAULT NULL,
  `registration_date` datetime(6) DEFAULT NULL,
  `role` varchar(255) DEFAULT NULL,
  `username` varchar(255) DEFAULT NULL,
  PRIMARY KEY (`user_id`),
  UNIQUE KEY `UK_q0uja26qgu1atulenwup9rxyr` (`email`)
) ENGINE=InnoDB DEFAULT CHARSET=utf8;
/*!40101 SET character_set_client = @saved_cs_client */;

--
-- Dumping data for table `account`
--

LOCK TABLES `account` WRITE;
/*!40000 ALTER TABLE `account` DISABLE KEYS */;
INSERT INTO `account` VALUES (1,'Budapest, Baross utca','hotel.team.five.a@gmail.com','Sylvester',NULL,_binary '','Stallone','$2a$10$PdMHWkE/FoUUN5XmhFiFe.CFDC.trm0JzTObBku4lMLIr6cR0Hm.O','2020-03-31 19:16:57.696929','ROLE_ADMIN','hotel.team.five.a@gmail.com'),(2,'Cemetery street','hotel.team.five.u@gmail.com','Bruce',NULL,_binary '','Lee','$2a$10$I/OnLzRi0kEhQaFvxQmpNeyC5rp3gmTuu.TFv0wgfW6TsHCgmFFAi','2020-03-31 19:16:57.806660','ROLE_USER','hotel.team.five.u@gmail.com'),(3,'God street','hotel.team.five.h@gmail.com','Chuck',1,_binary '','Norris','$2a$10$c3vRIMnhjiD9cU6gbbu8bOfh3//TpOAEofuEZqyqyb7IgF93Vmzqy','2020-03-31 19:16:57.890436','ROLE_HOTELOWNER','hotel.team.five.h@gmail.com'),(4,'Queen Street 9917','lilly.harris@example.com','Lilly',NULL,_binary '','Harris','$2y$10$BqN6Yem.YOo34Ypo479fx.R1R.fl8VywpF1S0TYtg0i46NSzDQxzu','2020-04-07 14:10:03.000000','ROLE_USER','lilly.harris@example.com'),(5,'Quai Chauveau 6673','arthur.fernandez@example.com','Arthur',NULL,_binary '','Fernandez','$2y$10$hviH9Id2mp5ZSoEwoQ.Os.yjKt.1NyIKubZSp7sy0QXFI/Hf0AqLW','2020-04-07 14:13:07.000000','ROLE_USER','arthur.fernandez@example.com'),(6,'Mecklenburg-Vorpommern 231','christos.stotz@example.com','Christos',NULL,_binary '','Stotz','$2y$10$ghAJuOVwo2IoA31sRqMpi.bziP0hmoi7zem2BV3IATBeY86f5e8Oi','2020-04-07 14:14:53.000000','ROLE_USER','christos.stotz@example.com'),(7,'Ålborgvej 411','alberte.nielsen@example.com','Alberte',NULL,_binary '','Nielsen','$2y$10$QDNNXQz5DpkpIeB5E3XK7uU7O7WTowPfAo10bRZeE1/Wo/u/o34ai','2020-04-07 14:15:39.000000','ROLE_USER','alberte.nielsen@example.com'),(8,'Rue des Cuirassiers 23','myrtha.charles@example.com','Myrtha',NULL,_binary '','Charles','$2y$10$dDQeu3cCxgEGJCNm6uGlmeyGOJXuRV4TMONaBIc9ACAngn.GOTT/2','2020-04-07 14:17:16.000000','ROLE_USER','myrtha.charles@example.com'),(9,'Spring Hill Rd 1232','kristen.cox@example.com','Kristen',NULL,_binary '','Cox','$2y$10$6epGGiXU.7qQ6UpuhCyBIeZrEb3BodiseXTvEqoAKOGlwG4j/L1OG','2020-04-07 14:19:50.000000','ROLE_USER','kristen.cox@example.com'),(10,'Marsh Ln 4421','brad.kuhn@example.com','Brad',NULL,_binary '','Kuhn','$2y$10$El7RXDqKrNjnwyYBlEg..Ov4frgm26Nc5j2wHQWJSRA1afgs8iARa','2020-04-07 14:22:24.000000','ROLE_USER','brad.kuhn@example.com'),(11,'Penrose Road 312','john.harris@example.com','John',NULL,_binary '','Harris','$2y$10$SSVrUcd6vb/w6Zf.dn.y2eBZU8FStfZAdwcOwMC4zxc2toiaOUAze','2020-04-07 14:24:42.000000','ROLE_USER','john.harris@example.com');
/*!40000 ALTER TABLE `account` ENABLE KEYS */;
UNLOCK TABLES;

--
-- Table structure for table `booking`
--

DROP TABLE IF EXISTS `booking`;
/*!40101 SET @saved_cs_client     = @@character_set_client */;
/*!50503 SET character_set_client = utf8mb4 */;
CREATE TABLE `booking` (
  `id` bigint(20) NOT NULL AUTO_INCREMENT,
  `date_of_booking` datetime(6) DEFAULT NULL,
  `number_of_guests` int(11) DEFAULT NULL,
  `full_price` double DEFAULT NULL,
  `remark` text,
  `guest` bigint(20) DEFAULT NULL,
  `address` varchar(255) DEFAULT NULL,
  `email` varchar(255) DEFAULT NULL,
  `first_name` varchar(255) DEFAULT NULL,
  `last_name` varchar(255) DEFAULT NULL,
  PRIMARY KEY (`id`),
  KEY `FKbys11ojca9qwy458wyv1a05sn` (`guest`),
  CONSTRAINT `FKbys11ojca9qwy458wyv1a05sn` FOREIGN KEY (`guest`) REFERENCES `account` (`user_id`)
) ENGINE=InnoDB AUTO_INCREMENT=923 DEFAULT CHARSET=utf8;
/*!40101 SET character_set_client = @saved_cs_client */;

--
-- Dumping data for table `booking`
--

LOCK TABLES `booking` WRITE;
/*!40000 ALTER TABLE `booking` DISABLE KEYS */;
INSERT INTO `booking` VALUES (5,'2020-04-02 13:38:07.998145',2,112200,'sör',2,NULL,NULL,NULL,NULL),(6,'2020-04-02 17:43:47.718401',3,137700,'sör',2,NULL,NULL,NULL,NULL),(13,'2020-04-06 13:38:53.078713',4,184000,'',2,NULL,NULL,NULL,NULL),(14,'2020-04-06 13:39:19.845098',1,63300,'',2,NULL,NULL,NULL,NULL),(15,'2020-04-06 13:39:42.965333',2,48300,'',2,NULL,NULL,NULL,NULL),(16,'2020-04-06 13:40:06.213306',2,75600,'',2,NULL,NULL,NULL,NULL),(17,'2020-04-06 13:40:34.378033',2,42200,'',2,NULL,NULL,NULL,NULL),(22,'2020-04-07 20:01:28.728801',3,277800,'Legyen sok sör',6,NULL,NULL,NULL,NULL),(23,'2020-04-07 20:01:28.861470',3,48000,'Van babaágy?',8,NULL,NULL,NULL,NULL),(24,'2020-04-07 20:01:28.893385',2,126600,'Van vegán menü?',8,NULL,NULL,NULL,NULL),(25,'2020-04-07 20:01:28.919316',2,53800,'Mennyire van messze a parkoló?',10,NULL,NULL,NULL,NULL),(26,'2020-04-07 20:01:28.943251',3,148200,'13:00 körül érkezünk',4,NULL,NULL,NULL,NULL),(27,'2020-04-07 20:01:28.965059',3,298500,'',11,NULL,NULL,NULL,NULL),(28,'2020-04-07 20:01:28.995977',2,215200,'Van babaágy?',9,NULL,NULL,NULL,NULL),(29,'2020-04-07 20:01:29.017918',3,74100,'Van vegán menü?',7,NULL,NULL,NULL,NULL),(30,'2020-04-07 20:01:29.039859',3,148800,'',9,NULL,NULL,NULL,NULL),(31,'2020-04-07 20:01:29.068782',3,172900,'',11,NULL,NULL,NULL,NULL),(32,'2020-04-07 20:01:29.093716',3,289100,'11-kor érkezünk.',2,NULL,NULL,NULL,NULL),(33,'2020-04-07 20:01:29.118648',1,191700,'Van vegán menü?',11,NULL,NULL,NULL,NULL),(34,'2020-04-07 20:01:29.136600',2,50400,'13:00 körül érkezünk',9,NULL,NULL,NULL,NULL),(35,'2020-04-07 20:01:29.152558',3,126200,'Csak este érünk oda',10,NULL,NULL,NULL,NULL),(36,'2020-04-07 20:01:29.185473',4,82600,'',5,NULL,NULL,NULL,NULL),(37,'2020-04-07 20:01:29.214392',2,107600,'Mennyire van messze a parkoló?',8,NULL,NULL,NULL,NULL),(38,'2020-04-07 20:01:29.233342',1,21300,'',10,NULL,NULL,NULL,NULL),(39,'2020-04-07 20:01:29.253288',2,242100,'Mennyire van messze a parkoló?',4,NULL,NULL,NULL,NULL),(40,'2020-04-07 20:01:29.272239',1,64600,'Legyen sok sör',2,NULL,NULL,NULL,NULL),(41,'2020-04-07 20:01:29.300163',1,170400,'Legyen sok sör',8,NULL,NULL,NULL,NULL),(42,'2020-04-07 20:01:29.318115',2,112700,'Legyen sok sör',4,NULL,NULL,NULL,NULL),(43,'2020-04-07 20:01:29.336068',4,326400,'Van babaágy?',7,NULL,NULL,NULL,NULL),(44,'2020-04-07 20:01:29.361998',3,123500,'',5,NULL,NULL,NULL,NULL),(45,'2020-04-07 20:01:29.376957',2,201600,'',4,NULL,NULL,NULL,NULL),(46,'2020-04-07 20:01:29.394910',3,307200,'',6,NULL,NULL,NULL,NULL),(47,'2020-04-07 20:01:29.410867',2,50400,'',10,NULL,NULL,NULL,NULL),(48,'2020-04-07 20:01:29.427822',3,307200,'Van babaágy?',6,NULL,NULL,NULL,NULL),(49,'2020-04-07 20:01:29.442782',1,22000,'',8,NULL,NULL,NULL,NULL),(50,'2020-04-07 20:01:29.457744',2,80500,'Csak este érünk oda',11,NULL,NULL,NULL,NULL),(51,'2020-04-07 20:01:29.471706',3,307200,'',10,NULL,NULL,NULL,NULL),(52,'2020-04-07 20:01:29.486665',2,26900,'11-kor érkezünk.',11,NULL,NULL,NULL,NULL),(53,'2020-04-07 20:01:29.503619',2,161400,'',6,NULL,NULL,NULL,NULL),(54,'2020-04-07 20:01:29.517584',3,247000,'',4,NULL,NULL,NULL,NULL),(55,'2020-04-07 20:01:29.536532',3,172900,'',4,NULL,NULL,NULL,NULL),(56,'2020-04-07 20:01:29.549499',1,99000,'Van vegán menü?',10,NULL,NULL,NULL,NULL),(57,'2020-04-07 20:01:29.561467',1,127800,'Csak este érünk oda',7,NULL,NULL,NULL,NULL),(58,'2020-04-07 20:01:29.571439',2,84400,'',7,NULL,NULL,NULL,NULL),(59,'2020-04-07 20:01:29.584403',2,84400,'Csak este érünk oda',2,NULL,NULL,NULL,NULL),(60,'2020-04-07 20:01:29.600361',2,100800,'Van babaágy?',7,NULL,NULL,NULL,NULL),(61,'2020-04-07 20:01:29.614323',3,153600,'Van vegán menü?',7,NULL,NULL,NULL,NULL),(62,'2020-04-07 20:01:29.627291',2,189900,'Mennyire van messze a parkoló?',8,NULL,NULL,NULL,NULL),(63,'2020-04-07 20:01:29.639257',5,216000,'Van babaágy?',5,NULL,NULL,NULL,NULL),(64,'2020-04-07 20:01:29.658207',3,115200,'',6,NULL,NULL,NULL,NULL),(65,'2020-04-07 20:01:29.669177',1,42600,'13:00 körül érkezünk',11,NULL,NULL,NULL,NULL),(66,'2020-04-07 20:01:29.681144',2,144900,'Legyen sok sör',9,NULL,NULL,NULL,NULL),(67,'2020-04-07 20:01:29.695109',7,259200,'Van vegán menü?',10,NULL,NULL,NULL,NULL),(68,'2020-04-07 20:01:29.722036',2,53800,'',8,NULL,NULL,NULL,NULL),(69,'2020-04-07 20:01:29.736996',1,21300,'Csak este érünk oda',9,NULL,NULL,NULL,NULL),(70,'2020-04-07 20:01:29.751955',3,76800,'',8,NULL,NULL,NULL,NULL),(71,'2020-04-07 20:01:29.762926',3,216800,'Mennyire van messze a parkoló?',10,NULL,NULL,NULL,NULL),(72,'2020-04-07 20:01:29.776889',3,192600,'',9,NULL,NULL,NULL,NULL),(73,'2020-04-07 20:01:29.789858',2,215200,'Legyen sok sör',2,NULL,NULL,NULL,NULL),(74,'2020-04-07 20:01:29.801823',1,99000,'Mennyire van messze a parkoló?',10,NULL,NULL,NULL,NULL),(75,'2020-04-07 20:01:29.813791',1,106500,'Mennyire van messze a parkoló?',7,NULL,NULL,NULL,NULL),(76,'2020-04-07 20:01:29.825759',3,418500,'Van vegán menü?',9,NULL,NULL,NULL,NULL),(77,'2020-04-07 20:01:29.838725',3,153600,'',6,NULL,NULL,NULL,NULL),(78,'2020-04-07 20:01:29.850691',2,96600,'11-kor érkezünk.',4,NULL,NULL,NULL,NULL),(79,'2020-04-07 20:01:29.861662',5,433000,'11-kor érkezünk.',5,NULL,NULL,NULL,NULL),(80,'2020-04-07 20:01:29.876622',2,80700,'Legyen sok sör',11,NULL,NULL,NULL,NULL),(81,'2020-04-07 20:01:29.886596',5,62600,'Van vegán menü?',7,NULL,NULL,NULL,NULL),(82,'2020-04-07 20:01:29.905545',1,127800,'',11,NULL,NULL,NULL,NULL),(83,'2020-04-07 20:01:29.918510',2,96600,'Legyen sok sör',5,NULL,NULL,NULL,NULL),(84,'2020-04-07 20:01:29.930479',1,226100,'Van babaágy?',5,NULL,NULL,NULL,NULL),(85,'2020-04-07 20:01:29.952420',2,215200,'Csak este érünk oda',2,NULL,NULL,NULL,NULL),(86,'2020-04-07 20:01:29.963390',2,96600,'',11,NULL,NULL,NULL,NULL),(87,'2020-04-07 20:01:29.982657',1,129200,'Legyen sok sör',11,NULL,NULL,NULL,NULL),(88,'2020-04-07 20:01:29.997618',1,21300,'Van vegán menü?',2,NULL,NULL,NULL,NULL),(89,'2020-04-07 20:01:30.010583',5,436000,'',4,NULL,NULL,NULL,NULL),(91,'2020-04-07 20:01:30.042499',3,37400,'13:00 körül érkezünk',4,NULL,NULL,NULL,NULL),(92,'2020-04-07 20:01:30.054465',2,63300,'',7,NULL,NULL,NULL,NULL),(93,'2020-04-07 20:01:30.064439',4,138900,'11-kor érkezünk.',4,NULL,NULL,NULL,NULL),(94,'2020-04-07 20:01:30.076407',2,215200,'11-kor érkezünk.',7,NULL,NULL,NULL,NULL),(95,'2020-04-07 20:01:30.086380',3,148200,'11-kor érkezünk.',6,NULL,NULL,NULL,NULL),(96,'2020-04-07 20:01:30.096356',1,170400,'',5,NULL,NULL,NULL,NULL),(97,'2020-04-07 20:01:30.105330',2,53800,'',10,NULL,NULL,NULL,NULL),(99,'2020-04-07 20:01:30.128269',2,147700,'11-kor érkezünk.',4,NULL,NULL,NULL,NULL),(100,'2020-04-07 20:01:30.137245',2,32200,'Mennyire van messze a parkoló?',11,NULL,NULL,NULL,NULL),(101,'2020-04-07 20:01:30.148215',2,84400,'',9,NULL,NULL,NULL,NULL),(102,'2020-04-07 20:01:30.160184',1,44000,'11-kor érkezünk.',11,NULL,NULL,NULL,NULL),(103,'2020-04-07 20:01:30.171074',3,49400,'',10,NULL,NULL,NULL,NULL),(104,'2020-04-07 20:01:30.183042',2,128800,'',4,NULL,NULL,NULL,NULL),(106,'2020-04-07 20:01:30.204984',1,149100,'',11,NULL,NULL,NULL,NULL),(107,'2020-04-07 20:01:30.220941',6,189300,'Legyen sok sör',7,NULL,NULL,NULL,NULL),(108,'2020-04-07 20:01:30.245878',3,38400,'Van vegán menü?',4,NULL,NULL,NULL,NULL),(109,'2020-04-07 20:01:30.259844',2,53800,'',2,NULL,NULL,NULL,NULL),(110,'2020-04-07 20:01:30.284772',3,64200,'Van babaágy?',6,NULL,NULL,NULL,NULL),(111,'2020-04-07 20:01:30.300730',2,107600,'',9,NULL,NULL,NULL,NULL),(112,'2020-04-07 20:01:30.311700',5,335500,'',10,NULL,NULL,NULL,NULL),(113,'2020-04-07 20:01:30.331645',5,63600,'Van babaágy?',4,NULL,NULL,NULL,NULL),(114,'2020-04-07 20:01:30.345610',2,215200,'',11,NULL,NULL,NULL,NULL),(115,'2020-04-07 20:01:30.356580',3,98800,'Van vegán menü?',8,NULL,NULL,NULL,NULL),(116,'2020-04-07 20:01:30.367549',3,192800,'',10,NULL,NULL,NULL,NULL),(117,'2020-04-07 20:01:30.383262',2,21100,'Van vegán menü?',4,NULL,NULL,NULL,NULL),(118,'2020-04-07 20:01:30.394233',2,42200,'Csak este érünk oda',9,NULL,NULL,NULL,NULL),(119,'2020-04-07 20:01:30.406202',1,127800,'Mennyire van messze a parkoló?',5,NULL,NULL,NULL,NULL),(120,'2020-04-07 20:01:30.431137',2,53800,'',6,NULL,NULL,NULL,NULL),(121,'2020-04-07 20:01:30.445098',3,345600,'Mennyire van messze a parkoló?',9,NULL,NULL,NULL,NULL),(122,'2020-04-07 20:01:30.459060',1,44000,'Legyen sok sör',6,NULL,NULL,NULL,NULL),(123,'2020-04-07 20:01:30.487983',3,216800,'Van babaágy?',11,NULL,NULL,NULL,NULL),(124,'2020-04-07 20:01:30.501946',3,24700,'Csak este érünk oda',5,NULL,NULL,NULL,NULL),(125,'2020-04-07 20:01:30.513918',2,107600,'Csak este érünk oda',8,NULL,NULL,NULL,NULL),(126,'2020-04-07 20:01:30.525882',4,179100,'',4,NULL,NULL,NULL,NULL),(127,'2020-04-07 20:01:30.538847',2,53800,'',7,NULL,NULL,NULL,NULL),(128,'2020-04-07 20:01:30.548820',3,74100,'Legyen sok sör',4,NULL,NULL,NULL,NULL),(129,'2020-04-07 20:01:30.557797',2,107600,'Csak este érünk oda',6,NULL,NULL,NULL,NULL),(130,'2020-04-07 20:01:30.567770',5,190800,'Mennyire van messze a parkoló?',4,NULL,NULL,NULL,NULL),(131,'2020-04-07 20:01:30.582259',1,66000,'Van vegán menü?',9,NULL,NULL,NULL,NULL),(132,'2020-04-07 20:01:30.593229',1,88000,'',10,NULL,NULL,NULL,NULL),(133,'2020-04-07 20:01:30.605197',2,25200,'',5,NULL,NULL,NULL,NULL),(134,'2020-04-07 20:01:30.616167',3,123500,'Van babaágy?',9,NULL,NULL,NULL,NULL),(135,'2020-04-07 20:01:30.629134',3,192000,'',6,NULL,NULL,NULL,NULL),(136,'2020-04-07 20:01:30.639106',2,147700,'',6,NULL,NULL,NULL,NULL),(137,'2020-04-07 20:01:30.649079',3,76800,'Legyen sok sör',5,NULL,NULL,NULL,NULL),(138,'2020-04-07 20:01:30.658057',2,187000,'Legyen sok sör',6,NULL,NULL,NULL,NULL),(139,'2020-04-07 20:01:30.670025',3,76800,'',5,NULL,NULL,NULL,NULL),(140,'2020-04-07 20:01:30.679997',2,42200,'Csak este érünk oda',2,NULL,NULL,NULL,NULL),(141,'2020-04-07 20:01:30.697949',2,135500,'',5,NULL,NULL,NULL,NULL),(142,'2020-04-07 20:01:30.709918',2,63300,'Mennyire van messze a parkoló?',4,NULL,NULL,NULL,NULL),(143,'2020-04-07 20:01:30.718893',2,126000,'',10,NULL,NULL,NULL,NULL),(144,'2020-04-07 20:01:30.729865',1,77000,'13:00 körül érkezünk',7,NULL,NULL,NULL,NULL),(145,'2020-04-07 20:01:30.741832',2,112700,'',5,NULL,NULL,NULL,NULL),(146,'2020-04-07 20:01:30.756793',3,240000,'13:00 körül érkezünk',9,NULL,NULL,NULL,NULL),(147,'2020-04-07 20:01:30.774746',1,11000,'Van babaágy?',4,NULL,NULL,NULL,NULL),(148,'2020-04-07 20:01:30.789704',5,57000,'',5,NULL,NULL,NULL,NULL),(150,'2020-04-07 20:01:30.839572',3,247800,'Csak este érünk oda',7,NULL,NULL,NULL,NULL),(151,'2020-04-07 20:01:30.854531',1,99000,'',4,NULL,NULL,NULL,NULL),(152,'2020-04-07 20:01:30.865501',2,189900,'Legyen sok sör',7,NULL,NULL,NULL,NULL),(154,'2020-04-07 20:01:30.883453',2,176400,'Csak este érünk oda',6,NULL,NULL,NULL,NULL),(155,'2020-04-07 20:01:30.893427',2,181000,'Mennyire van messze a parkoló?',6,NULL,NULL,NULL,NULL),(156,'2020-04-07 20:01:30.906395',3,197600,'Van vegán menü?',4,NULL,NULL,NULL,NULL),(157,'2020-04-07 20:01:30.914389',1,85200,'Csak este érünk oda',9,NULL,NULL,NULL,NULL),(158,'2020-04-07 20:01:30.922350',3,98800,'',11,NULL,NULL,NULL,NULL),(159,'2020-04-07 20:01:30.930328',1,21300,'',2,NULL,NULL,NULL,NULL),(160,'2020-04-07 20:01:30.939304',3,52100,'Legyen sok sör',6,NULL,NULL,NULL,NULL),(161,'2020-04-07 20:01:30.960248',7,557900,'',6,NULL,NULL,NULL,NULL),(162,'2020-04-07 20:01:30.975210',5,535500,'13:00 körül érkezünk',5,NULL,NULL,NULL,NULL),(163,'2020-04-07 20:01:30.989171',2,32200,'11-kor érkezünk.',10,NULL,NULL,NULL,NULL),(164,'2020-04-07 20:01:30.999144',1,33000,'',7,NULL,NULL,NULL,NULL),(165,'2020-04-07 20:01:31.009122',1,99000,'Csak este érünk oda',7,NULL,NULL,NULL,NULL),(166,'2020-04-07 20:01:31.021085',3,38400,'13:00 körül érkezünk',6,NULL,NULL,NULL,NULL),(167,'2020-04-07 20:01:31.036046',2,48300,'13:00 körül érkezünk',11,NULL,NULL,NULL,NULL),(168,'2020-04-07 20:01:31.049011',2,105500,'',8,NULL,NULL,NULL,NULL),(169,'2020-04-07 20:01:31.058989',3,74100,'11-kor érkezünk.',9,NULL,NULL,NULL,NULL),(170,'2020-04-07 20:01:31.074942',5,249500,'',2,NULL,NULL,NULL,NULL),(171,'2020-04-07 20:01:31.090899',2,226800,'',5,NULL,NULL,NULL,NULL),(172,'2020-04-07 20:01:31.100872',1,127800,'Csak este érünk oda',9,NULL,NULL,NULL,NULL),(173,'2020-04-07 20:01:31.111843',1,21300,'11-kor érkezünk.',11,NULL,NULL,NULL,NULL),(174,'2020-04-07 20:01:31.121816',3,49400,'11-kor érkezünk.',2,NULL,NULL,NULL,NULL),(175,'2020-04-07 20:01:31.131789',3,24700,'Csak este érünk oda',2,NULL,NULL,NULL,NULL),(176,'2020-04-07 20:01:31.140766',1,88000,'11-kor érkezünk.',5,NULL,NULL,NULL,NULL),(177,'2020-04-07 20:01:31.148744',2,161400,'',7,NULL,NULL,NULL,NULL),(178,'2020-04-07 20:01:31.158718',2,144900,'Legyen sok sör',9,NULL,NULL,NULL,NULL),(179,'2020-04-07 20:01:31.183651',4,98800,'11-kor érkezünk.',9,NULL,NULL,NULL,NULL),(180,'2020-04-07 20:01:31.195619',2,134500,'',6,NULL,NULL,NULL,NULL),(181,'2020-04-07 20:01:31.204595',2,144900,'Csak este érünk oda',10,NULL,NULL,NULL,NULL),(182,'2020-04-07 20:01:31.218558',1,149100,'Legyen sok sör',5,NULL,NULL,NULL,NULL),(183,'2020-04-07 20:01:31.237508',2,100800,'Csak este érünk oda',7,NULL,NULL,NULL,NULL),(184,'2020-04-07 20:01:31.249476',1,170400,'Csak este érünk oda',4,NULL,NULL,NULL,NULL),(186,'2020-04-07 20:01:31.269422',4,81600,'11-kor érkezünk.',9,NULL,NULL,NULL,NULL),(187,'2020-04-07 20:01:31.281390',1,88000,'11-kor érkezünk.',8,NULL,NULL,NULL,NULL),(188,'2020-04-07 20:01:31.290365',2,126000,'',2,NULL,NULL,NULL,NULL),(189,'2020-04-07 20:01:31.306324',2,100800,'',9,NULL,NULL,NULL,NULL),(190,'2020-04-07 20:01:31.316296',2,16100,'',8,NULL,NULL,NULL,NULL),(191,'2020-04-07 20:01:31.324275',2,215200,'Van vegán menü?',8,NULL,NULL,NULL,NULL),(192,'2020-04-07 20:01:31.334248',2,84400,'Van vegán menü?',7,NULL,NULL,NULL,NULL),(193,'2020-04-07 20:01:31.343258',2,105500,'11-kor érkezünk.',6,NULL,NULL,NULL,NULL),(195,'2020-04-07 20:01:31.363173',2,25200,'',5,NULL,NULL,NULL,NULL),(196,'2020-04-07 20:01:31.372148',5,297500,'Mennyire van messze a parkoló?',9,NULL,NULL,NULL,NULL),(197,'2020-04-07 20:01:31.385114',3,123500,'Legyen sok sör',11,NULL,NULL,NULL,NULL),(198,'2020-04-07 20:01:31.395095',1,44000,'Legyen sok sör',2,NULL,NULL,NULL,NULL),(199,'2020-04-07 20:01:31.404062',2,21100,'',6,NULL,NULL,NULL,NULL),(200,'2020-04-07 20:01:31.414035',2,84400,'Csak este érünk oda',6,NULL,NULL,NULL,NULL),(201,'2020-04-07 20:01:31.425007',3,148200,'',5,NULL,NULL,NULL,NULL),(202,'2020-04-07 20:01:31.438001',4,98800,'',9,NULL,NULL,NULL,NULL),(203,'2020-04-07 20:01:31.455969',3,185200,'Legyen sok sör',2,NULL,NULL,NULL,NULL),(204,'2020-04-07 20:01:31.471910',4,309600,'',4,NULL,NULL,NULL,NULL),(205,'2020-04-07 20:01:31.485874',2,26900,'13:00 körül érkezünk',11,NULL,NULL,NULL,NULL),(207,'2020-04-07 20:01:31.516761',1,42600,'11-kor érkezünk.',2,NULL,NULL,NULL,NULL),(208,'2020-04-07 20:01:31.526735',4,395200,'',8,NULL,NULL,NULL,NULL),(209,'2020-04-07 20:01:31.538725',2,144900,'13:00 körül érkezünk',11,NULL,NULL,NULL,NULL),(210,'2020-04-07 20:01:31.548675',3,24700,'13:00 körül érkezünk',4,NULL,NULL,NULL,NULL),(211,'2020-04-07 20:01:31.558651',2,42200,'Van vegán menü?',11,NULL,NULL,NULL,NULL),(212,'2020-04-07 20:01:31.568622',2,100800,'',4,NULL,NULL,NULL,NULL),(213,'2020-04-07 20:01:31.578596',2,134500,'Van babaágy?',10,NULL,NULL,NULL,NULL),(214,'2020-04-07 20:01:31.587957',2,26900,'13:00 körül érkezünk',11,NULL,NULL,NULL,NULL),(215,'2020-04-07 20:01:31.596933',3,123500,'Van babaágy?',6,NULL,NULL,NULL,NULL),(216,'2020-04-07 20:01:31.605909',2,176400,'',5,NULL,NULL,NULL,NULL),(217,'2020-04-07 20:01:31.621900',1,85200,'Van vegán menü?',6,NULL,NULL,NULL,NULL),(218,'2020-04-07 20:01:31.632837',2,108600,'',8,NULL,NULL,NULL,NULL),(219,'2020-04-07 20:01:31.645802',1,127800,'Mennyire van messze a parkoló?',4,NULL,NULL,NULL,NULL),(220,'2020-04-07 20:01:31.656773',4,134200,'Legyen sok sör',4,NULL,NULL,NULL,NULL),(221,'2020-04-07 20:01:31.676721',3,149600,'Van babaágy?',9,NULL,NULL,NULL,NULL),(223,'2020-04-07 20:01:31.700656',3,115200,'Van babaágy?',4,NULL,NULL,NULL,NULL),(224,'2020-04-07 20:01:31.711626',2,25200,'Mennyire van messze a parkoló?',6,NULL,NULL,NULL,NULL),(225,'2020-04-07 20:01:31.719605',1,33000,'Van vegán menü?',2,NULL,NULL,NULL,NULL),(226,'2020-04-07 20:01:31.730584',3,24700,'Van babaágy?',11,NULL,NULL,NULL,NULL),(227,'2020-04-07 20:01:31.739552',1,44000,'Van babaágy?',4,NULL,NULL,NULL,NULL),(228,'2020-04-07 20:01:31.748528',1,99000,'',4,NULL,NULL,NULL,NULL),(229,'2020-04-07 20:01:31.755508',3,230400,'',6,NULL,NULL,NULL,NULL),(230,'2020-04-07 20:01:31.769473',1,21300,'Van babaágy?',10,NULL,NULL,NULL,NULL),(231,'2020-04-07 20:01:31.779448',2,107600,'',11,NULL,NULL,NULL,NULL),(232,'2020-04-07 20:01:31.790416',1,77000,'Csak este érünk oda',8,NULL,NULL,NULL,NULL),(233,'2020-04-07 20:01:31.800390',3,27100,'Csak este érünk oda',8,NULL,NULL,NULL,NULL),(235,'2020-04-07 20:01:31.824325',2,176400,'Van vegán menü?',10,NULL,NULL,NULL,NULL),(236,'2020-04-07 20:01:31.841280',1,106500,'Van vegán menü?',4,NULL,NULL,NULL,NULL),(237,'2020-04-07 20:01:31.855243',2,144900,'Van babaágy?',6,NULL,NULL,NULL,NULL),(238,'2020-04-07 20:01:31.870202',1,22000,'',11,NULL,NULL,NULL,NULL),(239,'2020-04-07 20:01:31.889152',3,169600,'11-kor érkezünk.',4,NULL,NULL,NULL,NULL),(240,'2020-04-07 20:01:31.901120',3,46300,'',10,NULL,NULL,NULL,NULL),(241,'2020-04-07 20:01:31.914086',1,44000,'',2,NULL,NULL,NULL,NULL),(242,'2020-04-07 20:01:31.922064',2,75600,'13:00 körül érkezünk',5,NULL,NULL,NULL,NULL),(243,'2020-04-07 20:01:31.931041',2,32200,'',6,NULL,NULL,NULL,NULL),(244,'2020-04-07 20:01:31.939020',4,258000,'13:00 körül érkezünk',2,NULL,NULL,NULL,NULL),(245,'2020-04-07 20:01:31.952982',1,106500,'',7,NULL,NULL,NULL,NULL),(246,'2020-04-07 20:01:31.964960',3,74100,'Mennyire van messze a parkoló?',9,NULL,NULL,NULL,NULL),(247,'2020-04-07 20:01:31.975921',3,74100,'Csak este érünk oda',7,NULL,NULL,NULL,NULL),(248,'2020-04-07 20:01:31.985482',2,50400,'Van babaágy?',5,NULL,NULL,NULL,NULL),(249,'2020-04-07 20:01:31.994459',2,50400,'Legyen sok sör',5,NULL,NULL,NULL,NULL),(250,'2020-04-07 20:01:32.004432',3,229200,'Legyen sok sör',9,NULL,NULL,NULL,NULL),(251,'2020-04-07 20:01:32.021387',3,37200,'',6,NULL,NULL,NULL,NULL),(252,'2020-04-07 20:01:32.036348',2,53800,'Csak este érünk oda',10,NULL,NULL,NULL,NULL),(253,'2020-04-07 20:01:32.049313',1,170400,'Van vegán menü?',2,NULL,NULL,NULL,NULL),(254,'2020-04-07 20:01:32.064272',2,242100,'Csak este érünk oda',7,NULL,NULL,NULL,NULL),(255,'2020-04-07 20:01:32.081227',1,11000,'',11,NULL,NULL,NULL,NULL),(256,'2020-04-07 20:01:32.096188',3,153600,'',7,NULL,NULL,NULL,NULL),(257,'2020-04-07 20:01:32.111147',3,172900,'',6,NULL,NULL,NULL,NULL),(258,'2020-04-07 20:01:32.124117',3,74100,'13:00 körül érkezünk',2,NULL,NULL,NULL,NULL),(259,'2020-04-07 20:01:32.137078',4,74600,'13:00 körül érkezünk',6,NULL,NULL,NULL,NULL),(260,'2020-04-07 20:01:32.156028',2,128800,'Csak este érünk oda',8,NULL,NULL,NULL,NULL),(261,'2020-04-07 20:01:32.166000',1,191700,'Van vegán menü?',4,NULL,NULL,NULL,NULL),(262,'2020-04-07 20:01:32.176971',3,48200,'',10,NULL,NULL,NULL,NULL),(263,'2020-04-07 20:01:32.189452',3,74100,'13:00 körül érkezünk',10,NULL,NULL,NULL,NULL),(264,'2020-04-07 20:01:32.199423',3,181000,'11-kor érkezünk.',10,NULL,NULL,NULL,NULL),(265,'2020-04-07 20:01:32.211392',3,24700,'Mennyire van messze a parkoló?',4,NULL,NULL,NULL,NULL),(266,'2020-04-07 20:01:32.222363',2,84400,'Legyen sok sör',4,NULL,NULL,NULL,NULL),(267,'2020-04-07 20:01:32.232337',2,168800,'Csak este érünk oda',7,NULL,NULL,NULL,NULL),(268,'2020-04-07 20:01:32.240314',3,24700,'Van babaágy?',5,NULL,NULL,NULL,NULL),(269,'2020-04-07 20:01:32.251287',2,226800,'Legyen sok sör',10,NULL,NULL,NULL,NULL),(270,'2020-04-07 20:01:32.261259',1,85200,'',7,NULL,NULL,NULL,NULL),(271,'2020-04-07 20:01:32.270235',2,75600,'',6,NULL,NULL,NULL,NULL),(272,'2020-04-07 20:01:32.279210',1,106500,'Csak este érünk oda',4,NULL,NULL,NULL,NULL),(273,'2020-04-07 20:01:32.286192',1,42600,'Mennyire van messze a parkoló?',10,NULL,NULL,NULL,NULL),(274,'2020-04-07 20:01:32.295167',5,171900,'Van vegán menü?',6,NULL,NULL,NULL,NULL),(275,'2020-04-07 20:01:32.306139',1,99000,'',11,NULL,NULL,NULL,NULL),(276,'2020-04-07 20:01:32.321101',2,134500,'13:00 körül érkezünk',6,NULL,NULL,NULL,NULL),(277,'2020-04-07 20:01:32.332069',2,75600,'Van babaágy?',6,NULL,NULL,NULL,NULL),(278,'2020-04-07 20:01:32.341073',6,63100,'13:00 körül érkezünk',5,NULL,NULL,NULL,NULL),(279,'2020-04-07 20:01:32.351019',2,80500,'',2,NULL,NULL,NULL,NULL),(280,'2020-04-07 20:01:32.358997',2,53800,'Mennyire van messze a parkoló?',4,NULL,NULL,NULL,NULL),(281,'2020-04-07 20:01:32.371963',3,49400,'Mennyire van messze a parkoló?',6,NULL,NULL,NULL,NULL),(282,'2020-04-07 20:01:32.383965',2,144900,'Van vegán menü?',2,NULL,NULL,NULL,NULL),(283,'2020-04-07 20:01:32.392906',4,35700,'',4,NULL,NULL,NULL,NULL),(284,'2020-04-07 20:01:32.401883',2,32200,'',6,NULL,NULL,NULL,NULL),(285,'2020-04-07 20:01:32.410859',1,42600,'Van vegán menü?',10,NULL,NULL,NULL,NULL),(286,'2020-04-07 20:01:32.418838',2,16100,'11-kor érkezünk.',2,NULL,NULL,NULL,NULL),(287,'2020-04-07 20:01:32.426844',5,151200,'',8,NULL,NULL,NULL,NULL),(288,'2020-04-07 20:01:32.438784',3,268800,'Csak este érünk oda',5,NULL,NULL,NULL,NULL),(289,'2020-04-07 20:01:32.450752',2,16100,'13:00 körül érkezünk',7,NULL,NULL,NULL,NULL),(290,'2020-04-07 20:01:32.468704',2,21100,'Mennyire van messze a parkoló?',11,NULL,NULL,NULL,NULL),(291,'2020-04-07 20:01:32.480671',1,193800,'Van vegán menü?',2,NULL,NULL,NULL,NULL),(292,'2020-04-07 20:01:32.491643',1,170400,'11-kor érkezünk.',8,NULL,NULL,NULL,NULL),(293,'2020-04-07 20:01:32.501620',2,72400,'Legyen sok sör',2,NULL,NULL,NULL,NULL),(294,'2020-04-07 20:01:32.512589',2,100800,'13:00 körül érkezünk',8,NULL,NULL,NULL,NULL),(295,'2020-04-07 20:01:32.520567',4,128200,'',11,NULL,NULL,NULL,NULL),(296,'2020-04-07 20:01:32.534527',2,105500,'',6,NULL,NULL,NULL,NULL),(297,'2020-04-07 20:01:32.543505',5,40800,'',8,NULL,NULL,NULL,NULL),(298,'2020-04-07 20:01:32.553478',3,76800,'13:00 körül érkezünk',4,NULL,NULL,NULL,NULL),(299,'2020-04-07 20:01:32.566443',3,38400,'Van vegán menü?',11,NULL,NULL,NULL,NULL),(300,'2020-04-07 20:01:32.574421',2,215200,'',2,NULL,NULL,NULL,NULL),(301,'2020-04-07 20:01:32.584395',2,151200,'Van vegán menü?',5,NULL,NULL,NULL,NULL),(302,'2020-04-07 20:01:32.601349',1,33000,'',8,NULL,NULL,NULL,NULL),(303,'2020-04-07 20:01:32.609345',1,22000,'',5,NULL,NULL,NULL,NULL),(304,'2020-04-07 20:01:32.618325',1,21300,'11-kor érkezünk.',11,NULL,NULL,NULL,NULL),(305,'2020-04-07 20:01:32.627280',1,66000,'',11,NULL,NULL,NULL,NULL),(306,'2020-04-07 20:01:32.636270',2,341100,'',7,NULL,NULL,NULL,NULL),(307,'2020-04-07 20:01:32.648224',2,80700,'Van babaágy?',11,NULL,NULL,NULL,NULL),(308,'2020-04-07 20:01:32.659209',3,153600,'Mennyire van messze a parkoló?',6,NULL,NULL,NULL,NULL),(309,'2020-04-07 20:01:32.669168',2,107600,'13:00 körül érkezünk',8,NULL,NULL,NULL,NULL),(310,'2020-04-07 20:01:32.679142',1,22000,'Van babaágy?',5,NULL,NULL,NULL,NULL),(311,'2020-04-07 20:01:32.688118',2,21100,'11-kor érkezünk.',5,NULL,NULL,NULL,NULL),(312,'2020-04-07 20:01:32.705073',2,32200,'Van vegán menü?',9,NULL,NULL,NULL,NULL),(313,'2020-04-07 20:01:32.721029',2,107600,'',2,NULL,NULL,NULL,NULL),(314,'2020-04-07 20:01:32.731003',4,52100,'',11,NULL,NULL,NULL,NULL),(315,'2020-04-07 20:01:32.742971',2,32200,'',7,NULL,NULL,NULL,NULL),(316,'2020-04-07 20:01:32.750950',1,63900,'11-kor érkezünk.',4,NULL,NULL,NULL,NULL),(317,'2020-04-07 20:01:32.758935',1,170400,'',2,NULL,NULL,NULL,NULL),(318,'2020-04-07 20:01:32.771893',3,129000,'Van babaágy?',7,NULL,NULL,NULL,NULL),(319,'2020-04-07 20:01:32.782864',2,80700,'',4,NULL,NULL,NULL,NULL),(320,'2020-04-07 20:01:32.791868',5,346400,'11-kor érkezünk.',4,NULL,NULL,NULL,NULL),(321,'2020-04-07 20:01:32.806830',4,46300,'Mennyire van messze a parkoló?',4,NULL,NULL,NULL,NULL),(322,'2020-04-07 20:01:32.818768',3,76800,'Csak este érünk oda',9,NULL,NULL,NULL,NULL),(323,'2020-04-07 20:01:32.827747',2,105500,'Csak este érünk oda',5,NULL,NULL,NULL,NULL),(324,'2020-04-07 20:01:32.836721',1,63900,'Mennyire van messze a parkoló?',2,NULL,NULL,NULL,NULL),(325,'2020-04-07 20:01:32.844700',3,108600,'Van babaágy?',11,NULL,NULL,NULL,NULL),(326,'2020-04-07 20:01:32.863648',3,74100,'Van babaágy?',11,NULL,NULL,NULL,NULL),(327,'2020-04-07 20:01:32.872628',3,189500,'11-kor érkezünk.',2,NULL,NULL,NULL,NULL),(328,'2020-04-07 20:01:32.889579',5,63100,'Mennyire van messze a parkoló?',9,NULL,NULL,NULL,NULL),(329,'2020-04-07 20:01:32.910524',3,123500,'13:00 körül érkezünk',10,NULL,NULL,NULL,NULL),(330,'2020-04-07 20:01:32.921493',3,115200,'Mennyire van messze a parkoló?',10,NULL,NULL,NULL,NULL),(331,'2020-04-07 20:01:32.933461',2,21100,'Csak este érünk oda',7,NULL,NULL,NULL,NULL),(332,'2020-04-07 20:01:32.943437',1,21300,'Legyen sok sör',7,NULL,NULL,NULL,NULL),(333,'2020-04-07 20:01:32.952411',1,66000,'13:00 körül érkezünk',5,NULL,NULL,NULL,NULL),(334,'2020-04-07 20:01:32.960390',3,96300,'Van babaágy?',5,NULL,NULL,NULL,NULL),(335,'2020-04-07 20:01:32.969366',2,144900,'',9,NULL,NULL,NULL,NULL),(336,'2020-04-07 20:01:32.976347',2,126000,'Legyen sok sör',9,NULL,NULL,NULL,NULL),(337,'2020-04-07 20:01:32.983329',2,151200,'',4,NULL,NULL,NULL,NULL),(338,'2020-04-07 20:01:32.990310',2,32200,'',8,NULL,NULL,NULL,NULL),(339,'2020-04-07 20:01:32.997291',5,57300,'Mennyire van messze a parkoló?',7,NULL,NULL,NULL,NULL),(340,'2020-04-07 20:01:33.008263',1,55000,'',9,NULL,NULL,NULL,NULL),(341,'2020-04-07 20:01:33.016240',1,85200,'13:00 körül érkezünk',7,NULL,NULL,NULL,NULL),(342,'2020-04-07 20:01:33.024242',2,105500,'Csak este érünk oda',8,NULL,NULL,NULL,NULL),(343,'2020-04-07 20:01:33.033195',2,93000,'13:00 körül érkezünk',6,NULL,NULL,NULL,NULL),(344,'2020-04-07 20:01:33.043168',1,63900,'',6,NULL,NULL,NULL,NULL),(345,'2020-04-07 20:01:33.063115',3,123500,'',5,NULL,NULL,NULL,NULL),(346,'2020-04-07 20:01:33.073089',2,63300,'11-kor érkezünk.',5,NULL,NULL,NULL,NULL),(347,'2020-04-07 20:01:33.085056',2,161400,'',9,NULL,NULL,NULL,NULL),(348,'2020-04-07 20:01:33.095029',2,134500,'Van vegán menü?',8,NULL,NULL,NULL,NULL),(349,'2020-04-07 20:01:33.105003',2,50400,'Van babaágy?',8,NULL,NULL,NULL,NULL),(350,'2020-04-07 20:01:33.113979',3,38400,'',11,NULL,NULL,NULL,NULL),(351,'2020-04-07 20:01:33.120962',3,98800,'',5,NULL,NULL,NULL,NULL),(352,'2020-04-07 20:01:33.128939',2,53800,'11-kor érkezünk.',4,NULL,NULL,NULL,NULL),(353,'2020-04-07 20:01:33.136918',2,26900,'13:00 körül érkezünk',8,NULL,NULL,NULL,NULL),(354,'2020-04-07 20:01:33.143900',6,132000,'',10,NULL,NULL,NULL,NULL),(355,'2020-04-07 20:01:33.154870',2,242100,'',10,NULL,NULL,NULL,NULL),(356,'2020-04-07 20:01:33.163846',4,195900,'',10,NULL,NULL,NULL,NULL),(357,'2020-04-07 20:01:33.172822',3,76800,'13:00 körül érkezünk',4,NULL,NULL,NULL,NULL),(358,'2020-04-07 20:01:33.190777',2,75600,'',5,NULL,NULL,NULL,NULL),(359,'2020-04-07 20:01:33.197755',5,154800,'Van vegán menü?',10,NULL,NULL,NULL,NULL),(360,'2020-04-07 20:01:33.206731',2,21100,'Van vegán menü?',8,NULL,NULL,NULL,NULL),(361,'2020-04-07 20:01:33.214712',1,42600,'11-kor érkezünk.',8,NULL,NULL,NULL,NULL),(362,'2020-04-07 20:01:33.224683',1,21300,'11-kor érkezünk.',10,NULL,NULL,NULL,NULL),(363,'2020-04-07 20:01:33.233667',2,161400,'11-kor érkezünk.',2,NULL,NULL,NULL,NULL),(364,'2020-04-07 20:01:33.242636',5,169400,'',4,NULL,NULL,NULL,NULL),(365,'2020-04-07 20:01:33.255600',2,48300,'Van vegán menü?',4,NULL,NULL,NULL,NULL),(366,'2020-04-07 20:01:33.266572',2,21100,'13:00 körül érkezünk',10,NULL,NULL,NULL,NULL),(367,'2020-04-07 20:01:33.277543',3,24700,'Legyen sok sör',7,NULL,NULL,NULL,NULL),(368,'2020-04-07 20:01:33.286519',2,42200,'',11,NULL,NULL,NULL,NULL),(369,'2020-04-07 20:01:33.295524',3,98800,'',7,NULL,NULL,NULL,NULL),(370,'2020-04-07 20:01:33.306464',3,24700,'Van babaágy?',6,NULL,NULL,NULL,NULL),(371,'2020-04-07 20:01:33.317449',2,107600,'',9,NULL,NULL,NULL,NULL),(372,'2020-04-07 20:01:33.327410',2,50400,'',7,NULL,NULL,NULL,NULL),(373,'2020-04-07 20:01:33.336385',5,114600,'Van babaágy?',8,NULL,NULL,NULL,NULL),(374,'2020-04-07 20:01:33.355335',1,21300,'Legyen sok sör',5,NULL,NULL,NULL,NULL),(375,'2020-04-07 20:01:33.364310',3,49400,'',5,NULL,NULL,NULL,NULL),(376,'2020-04-07 20:01:33.373286',3,86000,'',10,NULL,NULL,NULL,NULL),(377,'2020-04-07 20:01:33.384257',2,96600,'Van vegán menü?',6,NULL,NULL,NULL,NULL),(378,'2020-04-07 20:01:33.392237',2,126600,'',11,NULL,NULL,NULL,NULL),(379,'2020-04-07 20:01:33.401234',3,38400,'',4,NULL,NULL,NULL,NULL),(380,'2020-04-07 20:01:33.410189',5,103600,'',8,NULL,NULL,NULL,NULL),(381,'2020-04-07 20:01:33.426146',1,33000,'Mennyire van messze a parkoló?',4,NULL,NULL,NULL,NULL),(382,'2020-04-07 20:01:33.436147',4,67100,'13:00 körül érkezünk',8,NULL,NULL,NULL,NULL),(383,'2020-04-07 20:01:33.449084',1,106500,'Van vegán menü?',7,NULL,NULL,NULL,NULL),(384,'2020-04-07 20:01:33.458062',5,159400,'Legyen sok sör',8,NULL,NULL,NULL,NULL),(385,'2020-04-07 20:01:33.474017',2,63300,'',11,NULL,NULL,NULL,NULL),(386,'2020-04-07 20:01:33.484989',2,176400,'13:00 körül érkezünk',8,NULL,NULL,NULL,NULL),(387,'2020-04-07 20:01:33.505910',2,16100,'11-kor érkezünk.',7,NULL,NULL,NULL,NULL),(388,'2020-04-07 20:01:33.516881',2,80700,'',7,NULL,NULL,NULL,NULL),(389,'2020-04-07 20:01:33.527854',2,32200,'',10,NULL,NULL,NULL,NULL),(390,'2020-04-07 20:01:33.536827',2,112700,'Legyen sok sör',9,NULL,NULL,NULL,NULL),(391,'2020-04-07 20:01:33.554780',3,74100,'',4,NULL,NULL,NULL,NULL),(392,'2020-04-07 20:01:33.563783',3,96400,'',2,NULL,NULL,NULL,NULL),(393,'2020-04-07 20:01:33.574727',6,180000,'',4,NULL,NULL,NULL,NULL),(394,'2020-04-07 20:01:33.588690',4,149700,'',4,NULL,NULL,NULL,NULL),(395,'2020-04-07 20:01:33.599659',4,54500,'Legyen sok sör',4,NULL,NULL,NULL,NULL),(396,'2020-04-07 20:01:33.608636',4,119400,'',9,NULL,NULL,NULL,NULL),(397,'2020-04-07 20:01:33.618609',3,32100,'Csak este érünk oda',7,NULL,NULL,NULL,NULL),(398,'2020-04-07 20:01:33.627607',2,215200,'Mennyire van messze a parkoló?',6,NULL,NULL,NULL,NULL),(399,'2020-04-07 20:01:33.638557',1,170400,'',4,NULL,NULL,NULL,NULL),(400,'2020-04-07 20:01:33.647545',2,100800,'Van vegán menü?',8,NULL,NULL,NULL,NULL),(401,'2020-04-07 20:01:33.655510',2,147700,'Van vegán menü?',10,NULL,NULL,NULL,NULL),(402,'2020-04-07 20:01:33.665484',4,172000,'',5,NULL,NULL,NULL,NULL),(403,'2020-04-07 20:01:33.681442',2,84400,'Van babaágy?',4,NULL,NULL,NULL,NULL),(404,'2020-04-07 20:01:33.690418',3,32100,'',6,NULL,NULL,NULL,NULL),(405,'2020-04-07 20:01:33.703383',2,80500,'',11,NULL,NULL,NULL,NULL),(406,'2020-04-07 20:01:33.725325',2,21100,'',11,NULL,NULL,NULL,NULL),(407,'2020-04-07 20:01:33.736232',2,21100,'',7,NULL,NULL,NULL,NULL),(408,'2020-04-07 20:01:33.746243',5,58500,'',7,NULL,NULL,NULL,NULL),(409,'2020-04-07 20:01:33.761235',2,16100,'13:00 körül érkezünk',9,NULL,NULL,NULL,NULL),(410,'2020-04-07 20:01:33.771171',5,69300,'Csak este érünk oda',7,NULL,NULL,NULL,NULL),(412,'2020-04-07 20:01:33.790101',2,188300,'Van babaágy?',6,NULL,NULL,NULL,NULL),(413,'2020-04-07 20:01:33.799057',2,105500,'Legyen sok sör',6,NULL,NULL,NULL,NULL),(414,'2020-04-07 20:01:33.807113',4,182700,'Csak este érünk oda',7,NULL,NULL,NULL,NULL),(415,'2020-04-07 20:01:33.822107',2,105500,'',2,NULL,NULL,NULL,NULL),(416,'2020-04-07 20:01:33.830053',1,106500,'11-kor érkezünk.',7,NULL,NULL,NULL,NULL),(417,'2020-04-07 20:01:33.839029',6,63100,'Csak este érünk oda',2,NULL,NULL,NULL,NULL),(418,'2020-04-07 20:01:33.850028',2,21100,'Csak este érünk oda',9,NULL,NULL,NULL,NULL),(419,'2020-04-07 20:01:33.858975',2,50400,'',8,NULL,NULL,NULL,NULL),(421,'2020-04-07 20:01:33.877924',1,42600,'',11,NULL,NULL,NULL,NULL),(422,'2020-04-07 20:01:33.886901',2,64400,'Csak este érünk oda',4,NULL,NULL,NULL,NULL),(423,'2020-04-07 20:01:33.895877',3,49400,'Mennyire van messze a parkoló?',4,NULL,NULL,NULL,NULL),(424,'2020-04-07 20:01:33.903885',3,37900,'',2,NULL,NULL,NULL,NULL),(425,'2020-04-07 20:01:33.916820',2,16100,'',7,NULL,NULL,NULL,NULL),(426,'2020-04-07 20:01:33.939148',2,126000,'',4,NULL,NULL,NULL,NULL),(427,'2020-04-07 20:01:33.959095',2,53800,'Mennyire van messze a parkoló?',5,NULL,NULL,NULL,NULL),(428,'2020-04-07 20:01:33.969070',2,126600,'Legyen sok sör',2,NULL,NULL,NULL,NULL),(429,'2020-04-07 20:01:33.978044',1,42600,'',5,NULL,NULL,NULL,NULL),(430,'2020-04-07 20:01:33.986024',2,25200,'11-kor érkezünk.',9,NULL,NULL,NULL,NULL),(432,'2020-04-07 20:01:34.007976',3,49400,'11-kor érkezünk.',2,NULL,NULL,NULL,NULL),(433,'2020-04-07 20:01:34.022924',3,123500,'',4,NULL,NULL,NULL,NULL),(434,'2020-04-07 20:01:34.029933',1,22000,'',9,NULL,NULL,NULL,NULL),(435,'2020-04-07 20:01:34.037884',2,50400,'Mennyire van messze a parkoló?',4,NULL,NULL,NULL,NULL),(436,'2020-04-07 20:01:34.046861',3,46500,'Legyen sok sör',5,NULL,NULL,NULL,NULL),(437,'2020-04-07 20:01:34.056834',3,98800,'',9,NULL,NULL,NULL,NULL),(438,'2020-04-07 20:01:34.066809',2,50400,'13:00 körül érkezünk',10,NULL,NULL,NULL,NULL),(439,'2020-04-07 20:01:34.077780',2,151200,'',6,NULL,NULL,NULL,NULL),(440,'2020-04-07 20:01:34.088749',1,42600,'',9,NULL,NULL,NULL,NULL),(441,'2020-04-07 20:01:34.101715',2,289200,'Legyen sok sör',6,NULL,NULL,NULL,NULL),(442,'2020-04-07 20:01:34.122659',3,148200,'Legyen sok sör',2,NULL,NULL,NULL,NULL),(443,'2020-04-07 20:01:34.132632',3,74100,'Mennyire van messze a parkoló?',10,NULL,NULL,NULL,NULL),(444,'2020-04-07 20:01:34.149587',2,16100,'Van vegán menü?',11,NULL,NULL,NULL,NULL),(445,'2020-04-07 20:01:34.161554',1,66000,'',5,NULL,NULL,NULL,NULL),(446,'2020-04-07 20:01:34.170530',2,189900,'',9,NULL,NULL,NULL,NULL),(447,'2020-04-07 20:01:34.178509',2,96400,'',4,NULL,NULL,NULL,NULL),(448,'2020-04-07 20:01:34.192472',2,32300,'',4,NULL,NULL,NULL,NULL),(449,'2020-04-07 20:01:34.202449',2,50400,'',4,NULL,NULL,NULL,NULL),(450,'2020-04-07 20:01:34.209427',1,42600,'',7,NULL,NULL,NULL,NULL),(451,'2020-04-07 20:01:34.217405',2,75600,'',8,NULL,NULL,NULL,NULL),(452,'2020-04-07 20:01:34.225417',2,107600,'',9,NULL,NULL,NULL,NULL),(453,'2020-04-07 20:01:34.233385',3,123500,'',10,NULL,NULL,NULL,NULL),(454,'2020-04-07 20:01:34.240343',3,185200,'',7,NULL,NULL,NULL,NULL),(455,'2020-04-07 20:01:34.250343',2,107600,'Legyen sok sör',7,NULL,NULL,NULL,NULL),(456,'2020-04-07 20:01:34.258296',1,21300,'Legyen sok sör',7,NULL,NULL,NULL,NULL),(457,'2020-04-07 20:01:34.267273',3,96000,'Csak este érünk oda',4,NULL,NULL,NULL,NULL),(458,'2020-04-07 20:01:34.279240',1,63900,'Mennyire van messze a parkoló?',4,NULL,NULL,NULL,NULL),(459,'2020-04-07 20:01:34.290211',4,59700,'Van vegán menü?',6,NULL,NULL,NULL,NULL),(460,'2020-04-07 20:01:34.304174',4,109000,'Van vegán menü?',11,NULL,NULL,NULL,NULL),(461,'2020-04-07 20:01:34.316141',1,21300,'',6,NULL,NULL,NULL,NULL),(462,'2020-04-07 20:01:34.334129',1,63900,'Csak este érünk oda',6,NULL,NULL,NULL,NULL),(463,'2020-04-07 20:01:34.345065',2,48200,'11-kor érkezünk.',8,NULL,NULL,NULL,NULL),(464,'2020-04-07 20:01:34.356035',2,25200,'',10,NULL,NULL,NULL,NULL),(465,'2020-04-07 20:01:34.367006',2,63300,'',5,NULL,NULL,NULL,NULL),(466,'2020-04-07 20:01:34.381965',1,33000,'',2,NULL,NULL,NULL,NULL),(467,'2020-04-07 20:01:34.388981',2,96600,'',5,NULL,NULL,NULL,NULL),(468,'2020-04-07 20:01:34.397923',4,43000,'13:00 körül érkezünk',7,NULL,NULL,NULL,NULL),(469,'2020-04-07 20:01:34.406926',2,134500,'Van babaágy?',4,NULL,NULL,NULL,NULL),(470,'2020-04-07 20:01:34.419864',4,40800,'Legyen sok sör',2,NULL,NULL,NULL,NULL),(471,'2020-04-07 20:01:34.433827',1,22000,'13:00 körül érkezünk',8,NULL,NULL,NULL,NULL),(472,'2020-04-07 20:01:34.440808',3,115200,'13:00 körül érkezünk',5,NULL,NULL,NULL,NULL),(473,'2020-04-07 20:01:34.447790',3,38400,'Csak este érünk oda',5,NULL,NULL,NULL,NULL),(474,'2020-04-07 20:01:34.454771',2,48300,'',11,NULL,NULL,NULL,NULL),(475,'2020-04-07 20:01:34.462785',2,25200,'Mennyire van messze a parkoló?',7,NULL,NULL,NULL,NULL),(476,'2020-04-07 20:01:34.470729',2,21100,'',9,NULL,NULL,NULL,NULL),(477,'2020-04-07 20:01:34.480702',3,76800,'Csak este érünk oda',4,NULL,NULL,NULL,NULL),(478,'2020-04-07 20:01:34.491674',2,134500,'',10,NULL,NULL,NULL,NULL),(479,'2020-04-07 20:01:34.502643',1,66000,'',5,NULL,NULL,NULL,NULL),(480,'2020-04-07 20:01:34.511619',3,74100,'13:00 körül érkezünk',9,NULL,NULL,NULL,NULL),(481,'2020-04-07 20:01:34.520617',2,42200,'Van vegán menü?',2,NULL,NULL,NULL,NULL),(482,'2020-04-07 20:01:34.529601',4,62600,'',11,NULL,NULL,NULL,NULL),(483,'2020-04-07 20:01:34.546526',2,127200,'',5,NULL,NULL,NULL,NULL),(484,'2020-04-07 20:01:34.558494',2,63300,'Van babaágy?',8,NULL,NULL,NULL,NULL),(485,'2020-04-07 20:01:34.569464',2,26900,'11-kor érkezünk.',2,NULL,NULL,NULL,NULL),(486,'2020-04-07 20:01:34.579470',2,151200,'Csak este érünk oda',2,NULL,NULL,NULL,NULL),(487,'2020-04-07 20:01:34.590410',2,147700,'13:00 körül érkezünk',11,NULL,NULL,NULL,NULL),(488,'2020-04-07 20:01:34.601379',1,85200,'',8,NULL,NULL,NULL,NULL),(489,'2020-04-07 20:01:34.612350',3,92600,'Van babaágy?',11,NULL,NULL,NULL,NULL),(490,'2020-04-07 20:01:34.634291',2,21100,'Csak este érünk oda',6,NULL,NULL,NULL,NULL),(491,'2020-04-07 20:01:34.643268',3,268800,'13:00 körül érkezünk',5,NULL,NULL,NULL,NULL),(492,'2020-04-07 20:01:34.650249',1,21300,'Van vegán menü?',10,NULL,NULL,NULL,NULL),(493,'2020-04-07 20:01:34.658228',5,254100,'11-kor érkezünk.',2,NULL,NULL,NULL,NULL),(494,'2020-04-07 20:01:34.670223',1,21300,'Van vegán menü?',5,NULL,NULL,NULL,NULL),(495,'2020-04-07 20:01:34.685155',1,88000,'Van vegán menü?',4,NULL,NULL,NULL,NULL),(496,'2020-04-07 20:01:34.695130',3,37400,'',7,NULL,NULL,NULL,NULL),(497,'2020-04-07 20:01:34.706099',2,100800,'Van vegán menü?',6,NULL,NULL,NULL,NULL),(498,'2020-04-07 20:01:34.715076',3,54200,'',11,NULL,NULL,NULL,NULL),(499,'2020-04-07 20:01:34.726053',1,22000,'',8,NULL,NULL,NULL,NULL),(500,'2020-04-07 20:01:34.736050',1,22000,'Legyen sok sör',2,NULL,NULL,NULL,NULL),(501,'2020-04-07 20:01:34.752975',7,360000,'Mennyire van messze a parkoló?',6,NULL,NULL,NULL,NULL),(502,'2020-04-07 20:01:34.766964',5,63100,'13:00 körül érkezünk',8,NULL,NULL,NULL,NULL),(503,'2020-04-07 20:01:34.778933',1,42600,'Csak este érünk oda',9,NULL,NULL,NULL,NULL),(504,'2020-04-07 20:01:34.801876',1,44000,'',8,NULL,NULL,NULL,NULL),(505,'2020-04-07 20:01:34.809822',2,126000,'',2,NULL,NULL,NULL,NULL),(506,'2020-04-07 20:01:34.817801',5,63600,'',9,NULL,NULL,NULL,NULL),(507,'2020-04-07 20:01:34.826778',2,48300,'Csak este érünk oda',9,NULL,NULL,NULL,NULL),(508,'2020-04-07 20:01:34.833758',3,49400,'',11,NULL,NULL,NULL,NULL),(509,'2020-04-07 20:01:34.840741',3,153600,'Mennyire van messze a parkoló?',8,NULL,NULL,NULL,NULL),(510,'2020-04-07 20:01:34.847721',3,49400,'13:00 körül érkezünk',2,NULL,NULL,NULL,NULL),(511,'2020-04-07 20:01:34.854702',2,50400,'',9,NULL,NULL,NULL,NULL),(512,'2020-04-07 20:01:34.862681',1,42600,'13:00 körül érkezünk',6,NULL,NULL,NULL,NULL),(513,'2020-04-07 20:01:34.869663',2,26900,'Csak este érünk oda',4,NULL,NULL,NULL,NULL),(514,'2020-04-07 20:01:34.877640',2,21100,'Mennyire van messze a parkoló?',10,NULL,NULL,NULL,NULL),(515,'2020-04-07 20:01:34.888612',2,32200,'',10,NULL,NULL,NULL,NULL),(516,'2020-04-07 20:01:34.904571',2,64400,'Csak este érünk oda',11,NULL,NULL,NULL,NULL),(517,'2020-04-07 20:01:34.916537',7,72700,'',6,NULL,NULL,NULL,NULL),(518,'2020-04-07 20:01:34.933498',4,247000,'',5,NULL,NULL,NULL,NULL),(519,'2020-04-07 20:01:34.946458',3,24700,'',9,NULL,NULL,NULL,NULL),(520,'2020-04-07 20:01:34.957431',2,80700,'',4,NULL,NULL,NULL,NULL),(521,'2020-04-07 20:01:34.967401',2,48200,'Csak este érünk oda',9,NULL,NULL,NULL,NULL),(522,'2020-04-07 20:01:34.980367',4,46000,'',8,NULL,NULL,NULL,NULL),(523,'2020-04-07 20:01:34.999320',3,38400,'',7,NULL,NULL,NULL,NULL),(524,'2020-04-07 20:01:35.022255',4,46300,'11-kor érkezünk.',6,NULL,NULL,NULL,NULL),(525,'2020-04-07 20:01:35.033887',5,168800,'Van vegán menü?',2,NULL,NULL,NULL,NULL),(526,'2020-04-07 20:01:35.048847',3,74100,'Csak este érünk oda',8,NULL,NULL,NULL,NULL),(527,'2020-04-07 20:01:35.056840',3,123500,'13:00 körül érkezünk',4,NULL,NULL,NULL,NULL),(528,'2020-04-07 20:01:35.064804',3,76800,'Van babaágy?',11,NULL,NULL,NULL,NULL),(529,'2020-04-07 20:01:35.072787',1,33000,'',7,NULL,NULL,NULL,NULL),(530,'2020-04-07 20:01:35.081759',5,60900,'Legyen sok sör',8,NULL,NULL,NULL,NULL),(531,'2020-04-07 20:01:35.094724',3,151600,'',8,NULL,NULL,NULL,NULL),(532,'2020-04-07 20:01:35.105696',3,27100,'Csak este érünk oda',9,NULL,NULL,NULL,NULL),(533,'2020-04-07 20:01:35.115670',2,26900,'11-kor érkezünk.',11,NULL,NULL,NULL,NULL),(534,'2020-04-07 20:01:35.124645',3,268800,'13:00 körül érkezünk',9,NULL,NULL,NULL,NULL),(535,'2020-04-07 20:01:35.134619',3,96400,'Mennyire van messze a parkoló?',5,NULL,NULL,NULL,NULL),(536,'2020-04-07 20:01:35.146586',1,22000,'Van babaágy?',4,NULL,NULL,NULL,NULL),(537,'2020-04-07 20:01:35.154567',1,22000,'Van babaágy?',4,NULL,NULL,NULL,NULL),(538,'2020-04-07 20:01:35.164538',5,121800,'',7,NULL,NULL,NULL,NULL),(539,'2020-04-07 20:01:35.181494',3,98800,'Van vegán menü?',5,NULL,NULL,NULL,NULL),(540,'2020-04-07 20:01:35.190469',3,24700,'13:00 körül érkezünk',5,NULL,NULL,NULL,NULL),(541,'2020-04-07 20:01:35.199446',3,172900,'11-kor érkezünk.',8,NULL,NULL,NULL,NULL),(543,'2020-04-07 20:01:35.220390',2,126000,'Legyen sok sör',10,NULL,NULL,NULL,NULL),(544,'2020-04-07 20:01:35.227371',3,36200,'Csak este érünk oda',7,NULL,NULL,NULL,NULL),(545,'2020-04-07 20:01:35.236354',3,49400,'Mennyire van messze a parkoló?',5,NULL,NULL,NULL,NULL),(546,'2020-04-07 20:01:35.243334',2,168800,'',6,NULL,NULL,NULL,NULL),(547,'2020-04-07 20:01:35.250316',1,21300,'Legyen sok sör',6,NULL,NULL,NULL,NULL),(548,'2020-04-07 20:01:35.265276',1,63900,'Legyen sok sör',10,NULL,NULL,NULL,NULL),(549,'2020-04-07 20:01:35.274253',4,109000,'Van babaágy?',8,NULL,NULL,NULL,NULL),(550,'2020-04-07 20:01:35.283227',1,22000,'',6,NULL,NULL,NULL,NULL),(551,'2020-04-07 20:01:35.291247',3,76800,'',9,NULL,NULL,NULL,NULL),(552,'2020-04-07 20:01:35.300182',5,63600,'11-kor érkezünk.',4,NULL,NULL,NULL,NULL),(553,'2020-04-07 20:01:35.323120',5,54500,'',7,NULL,NULL,NULL,NULL),(554,'2020-04-07 20:01:35.334843',4,366400,'13:00 körül érkezünk',11,NULL,NULL,NULL,NULL),(555,'2020-04-07 20:01:35.345815',1,22000,'Legyen sok sör',4,NULL,NULL,NULL,NULL),(556,'2020-04-07 20:01:35.354791',3,76800,'11-kor érkezünk.',8,NULL,NULL,NULL,NULL),(557,'2020-04-07 20:01:35.363794',4,56800,'',11,NULL,NULL,NULL,NULL),(559,'2020-04-07 20:01:35.387730',1,63900,'Legyen sok sör',2,NULL,NULL,NULL,NULL),(560,'2020-04-07 20:01:35.397676',3,38400,'',6,NULL,NULL,NULL,NULL),(561,'2020-04-07 20:01:35.407650',1,170400,'',7,NULL,NULL,NULL,NULL),(562,'2020-04-07 20:01:35.416656',1,33000,'',8,NULL,NULL,NULL,NULL),(563,'2020-04-07 20:01:35.424604',3,74100,'13:00 körül érkezünk',5,NULL,NULL,NULL,NULL),(564,'2020-04-07 20:01:35.431585',2,75600,'',8,NULL,NULL,NULL,NULL),(565,'2020-04-07 20:01:35.439564',2,25200,'',10,NULL,NULL,NULL,NULL),(566,'2020-04-08 13:44:37.933235',1,55200,'',2,NULL,NULL,NULL,NULL),(571,'2020-04-09 07:42:17.778796',2,38100,'',2,NULL,NULL,NULL,NULL),(573,'2020-04-09 07:49:00.479192',2,70500,'',2,NULL,NULL,NULL,NULL),(574,'2020-04-09 08:59:33.382946',2,142200,'sok...',2,NULL,NULL,NULL,NULL),(575,'2020-04-09 09:02:41.025232',2,105600,'',2,NULL,NULL,NULL,NULL),(576,'2020-04-12 16:13:00.413835',2,50200,'dsdvvvsv',2,NULL,NULL,NULL,NULL),(577,'2020-05-05 09:33:19.238243',2,136700,'',2,NULL,NULL,NULL,NULL),(578,'2020-05-05 09:50:04.394585',2,64000,'',2,NULL,NULL,NULL,NULL),(579,'2020-06-03 21:04:09.934071',2,26400,'',2,NULL,NULL,NULL,NULL),(580,'2020-06-03 21:13:59.276665',2,117200,'',2,NULL,NULL,NULL,NULL),(581,'2020-06-03 21:26:05.251444',2,27800,'',2,NULL,NULL,NULL,NULL),(583,'2020-07-08 13:51:56.578791',4,274800,'Mennyire van messze a parkoló?',7,NULL,NULL,NULL,NULL),(584,'2020-07-08 13:51:56.660334',2,96600,'',6,NULL,NULL,NULL,NULL),(585,'2020-07-08 13:54:44.145396',2,53800,'Van vegán menü?',4,NULL,NULL,NULL,NULL),(586,'2020-07-08 13:54:44.179421',2,22000,'',2,NULL,NULL,NULL,NULL),(587,'2020-07-08 13:54:44.205422',6,218700,'Van babaágy?',10,NULL,NULL,NULL,NULL),(588,'2020-07-08 13:54:44.235422',2,170400,'Van vegán menü?',7,NULL,NULL,NULL,NULL),(589,'2020-07-08 13:54:44.256424',2,85200,'Van babaágy?',10,NULL,NULL,NULL,NULL),(590,'2020-07-08 13:54:44.273422',6,144600,'',6,NULL,NULL,NULL,NULL),(591,'2020-07-08 13:54:44.317423',2,32200,'Van vegán menü?',8,NULL,NULL,NULL,NULL),(592,'2020-07-08 13:54:44.334425',4,433800,'',6,NULL,NULL,NULL,NULL),(593,'2020-07-08 13:54:44.360423',2,151200,'',5,NULL,NULL,NULL,NULL),(594,'2020-07-08 13:54:44.387422',2,63300,'Van babaágy?',9,NULL,NULL,NULL,NULL),(595,'2020-07-08 13:54:44.409422',6,316800,'Van babaágy?',9,NULL,NULL,NULL,NULL),(596,'2020-07-08 13:54:44.441421',4,231500,'Csak este érünk oda',2,NULL,NULL,NULL,NULL),(597,'2020-07-08 13:54:44.466423',4,372000,'',2,NULL,NULL,NULL,NULL),(598,'2020-07-08 13:54:44.490423',4,322000,'',5,NULL,NULL,NULL,NULL),(599,'2020-07-08 13:54:44.515424',2,53800,'',2,NULL,NULL,NULL,NULL),(600,'2020-07-08 13:54:44.551425',2,105500,'Mennyire van messze a parkoló?',10,NULL,NULL,NULL,NULL),(601,'2020-07-08 13:54:44.605424',4,128400,'Van babaágy?',2,NULL,NULL,NULL,NULL),(602,'2020-07-08 13:54:44.643422',2,247000,'Csak este érünk oda',5,NULL,NULL,NULL,NULL),(603,'2020-07-08 13:54:44.660425',2,63300,'Mennyire van messze a parkoló?',2,NULL,NULL,NULL,NULL),(604,'2020-07-08 13:54:44.679422',2,55000,'Van babaágy?',9,NULL,NULL,NULL,NULL),(605,'2020-07-08 13:54:44.697424',2,49400,'Legyen sok sör',2,NULL,NULL,NULL,NULL),(606,'2020-07-08 13:54:44.728424',2,105500,'',11,NULL,NULL,NULL,NULL),(607,'2020-07-08 13:54:44.744426',4,184000,'13:00 körül érkezünk',7,NULL,NULL,NULL,NULL),(608,'2020-07-08 13:54:44.785424',4,357000,'Van babaágy?',9,NULL,NULL,NULL,NULL),(609,'2020-07-08 13:54:44.823424',2,268800,'Csak este érünk oda',4,NULL,NULL,NULL,NULL),(610,'2020-07-08 13:54:44.854427',2,126600,'13:00 körül érkezünk',9,NULL,NULL,NULL,NULL),(611,'2020-07-08 13:54:44.873423',4,260400,'Van vegán menü?',7,NULL,NULL,NULL,NULL),(612,'2020-07-08 13:54:44.897425',4,172000,'',10,NULL,NULL,NULL,NULL),(613,'2020-07-08 13:54:44.929426',4,49900,'',7,NULL,NULL,NULL,NULL),(614,'2020-07-08 13:54:44.949423',2,112700,'11-kor érkezünk.',7,NULL,NULL,NULL,NULL),(615,'2020-07-08 13:54:44.962424',6,271500,'Mennyire van messze a parkoló?',5,NULL,NULL,NULL,NULL),(616,'2020-07-08 13:54:44.988425',2,98800,'Legyen sok sör',7,NULL,NULL,NULL,NULL),(617,'2020-07-08 13:54:45.013425',2,53800,'',7,NULL,NULL,NULL,NULL),(618,'2020-07-08 13:54:45.029430',4,181000,'Legyen sok sör',10,NULL,NULL,NULL,NULL),(619,'2020-07-08 13:54:45.053422',2,222300,'Legyen sok sör',10,NULL,NULL,NULL,NULL),(620,'2020-07-08 13:54:45.085424',2,75600,'Csak este érünk oda',2,NULL,NULL,NULL,NULL),(621,'2020-07-08 13:54:45.103423',2,42200,'Mennyire van messze a parkoló?',10,NULL,NULL,NULL,NULL),(622,'2020-07-08 13:54:45.127424',2,153600,'Csak este érünk oda',6,NULL,NULL,NULL,NULL),(623,'2020-07-08 13:54:45.140424',4,108600,'Van babaágy?',7,NULL,NULL,NULL,NULL),(624,'2020-07-08 13:54:45.158425',6,267000,'Van babaágy?',10,NULL,NULL,NULL,NULL),(625,'2020-07-08 13:54:45.176423',2,25200,'Csak este érünk oda',6,NULL,NULL,NULL,NULL),(626,'2020-07-08 13:54:45.201440',4,37400,'',2,NULL,NULL,NULL,NULL),(627,'2020-07-08 13:54:45.221423',2,170400,'',10,NULL,NULL,NULL,NULL),(628,'2020-07-08 13:54:45.235422',2,24700,'11-kor érkezünk.',10,NULL,NULL,NULL,NULL),(629,'2020-07-08 13:54:45.247421',2,144900,'Van babaágy?',5,NULL,NULL,NULL,NULL),(630,'2020-07-08 13:54:45.258428',2,161400,'',6,NULL,NULL,NULL,NULL),(631,'2020-07-08 13:54:45.271425',2,384000,'',7,NULL,NULL,NULL,NULL),(632,'2020-07-08 13:54:45.293423',4,178500,'Van babaágy?',7,NULL,NULL,NULL,NULL),(633,'2020-07-08 13:54:45.316421',2,161000,'',7,NULL,NULL,NULL,NULL),(634,'2020-07-08 13:54:45.327423',2,168800,'',10,NULL,NULL,NULL,NULL),(635,'2020-07-08 13:54:45.338422',2,84400,'',9,NULL,NULL,NULL,NULL),(636,'2020-07-08 13:54:45.348423',4,192800,'Csak este érünk oda',7,NULL,NULL,NULL,NULL),(637,'2020-07-08 13:54:45.361422',2,268800,'',4,NULL,NULL,NULL,NULL),(638,'2020-07-08 13:54:45.389422',4,45800,'Csak este érünk oda',4,NULL,NULL,NULL,NULL),(639,'2020-07-08 13:54:45.421422',2,64400,'Mennyire van messze a parkoló?',6,NULL,NULL,NULL,NULL),(640,'2020-07-08 13:54:45.435427',2,170400,'Mennyire van messze a parkoló?',11,NULL,NULL,NULL,NULL),(641,'2020-07-08 13:54:45.447437',2,74100,'Mennyire van messze a parkoló?',10,NULL,NULL,NULL,NULL),(642,'2020-07-08 13:54:45.458423',4,91600,'Van babaágy?',6,NULL,NULL,NULL,NULL),(643,'2020-07-08 13:54:45.473424',4,631000,'13:00 körül érkezünk',9,NULL,NULL,NULL,NULL),(644,'2020-07-08 13:54:45.487421',2,44000,'',8,NULL,NULL,NULL,NULL),(645,'2020-07-08 13:54:45.505422',4,96300,'Legyen sok sör',9,NULL,NULL,NULL,NULL),(646,'2020-07-08 13:54:45.525458',2,269000,'Van babaágy?',4,NULL,NULL,NULL,NULL),(647,'2020-07-08 13:54:45.566459',2,268800,'',4,NULL,NULL,NULL,NULL),(648,'2020-07-08 13:54:45.575469',6,250400,'Legyen sok sör',8,NULL,NULL,NULL,NULL),(649,'2020-07-08 13:54:45.589437',6,270000,'',5,NULL,NULL,NULL,NULL),(650,'2020-07-08 13:54:45.612434',2,201600,'13:00 körül érkezünk',7,NULL,NULL,NULL,NULL),(651,'2020-07-08 13:54:45.626438',4,81300,'Van babaágy?',7,NULL,NULL,NULL,NULL),(652,'2020-07-08 13:54:45.658435',2,63900,'Csak este érünk oda',11,NULL,NULL,NULL,NULL),(653,'2020-07-08 13:54:45.674460',2,50400,'Van babaágy?',2,NULL,NULL,NULL,NULL),(654,'2020-07-08 13:54:45.689497',2,230400,'11-kor érkezünk.',7,NULL,NULL,NULL,NULL),(655,'2020-07-08 13:54:45.702463',6,172800,'Van babaágy?',11,NULL,NULL,NULL,NULL),(656,'2020-07-08 13:54:45.720459',2,74100,'Legyen sok sör',6,NULL,NULL,NULL,NULL),(657,'2020-07-08 13:54:45.731460',4,189700,'Mennyire van messze a parkoló?',7,NULL,NULL,NULL,NULL),(658,'2020-07-08 13:54:45.745489',4,463000,'Legyen sok sör',10,NULL,NULL,NULL,NULL),(659,'2020-07-08 13:54:45.758459',4,490500,'Van vegán menü?',2,NULL,NULL,NULL,NULL),(660,'2020-07-08 13:54:45.771461',2,38400,'Csak este érünk oda',8,NULL,NULL,NULL,NULL),(661,'2020-07-08 13:54:45.780459',2,215200,'11-kor érkezünk.',8,NULL,NULL,NULL,NULL),(662,'2020-07-08 13:54:45.795461',2,134500,'Van babaágy?',4,NULL,NULL,NULL,NULL),(663,'2020-07-08 13:54:45.804459',2,50400,'Mennyire van messze a parkoló?',10,NULL,NULL,NULL,NULL),(664,'2020-07-08 13:54:45.815458',2,74100,'13:00 körül érkezünk',2,NULL,NULL,NULL,NULL),(665,'2020-07-08 13:54:45.839462',2,211000,'Mennyire van messze a parkoló?',11,NULL,NULL,NULL,NULL),(666,'2020-07-08 13:54:45.870488',2,384000,'',11,NULL,NULL,NULL,NULL),(667,'2020-07-08 13:54:45.881461',6,613800,'11-kor érkezünk.',10,NULL,NULL,NULL,NULL),(668,'2020-07-08 13:54:45.898463',2,201600,'13:00 körül érkezünk',7,NULL,NULL,NULL,NULL),(669,'2020-07-08 13:54:45.910462',4,119000,'13:00 körül érkezünk',4,NULL,NULL,NULL,NULL),(670,'2020-07-08 13:54:45.924495',4,312600,'',2,NULL,NULL,NULL,NULL),(671,'2020-07-08 13:54:45.958496',2,21300,'Legyen sok sör',6,NULL,NULL,NULL,NULL),(672,'2020-07-08 13:54:45.967519',2,26900,'Mennyire van messze a parkoló?',6,NULL,NULL,NULL,NULL),(673,'2020-07-08 13:54:45.977503',2,242100,'',8,NULL,NULL,NULL,NULL),(674,'2020-07-08 13:54:45.995503',6,186300,'',7,NULL,NULL,NULL,NULL),(675,'2020-07-08 13:54:46.021513',6,90000,'',2,NULL,NULL,NULL,NULL),(676,'2020-07-08 13:54:46.043512',4,252400,'Van babaágy?',4,NULL,NULL,NULL,NULL),(677,'2020-07-08 13:54:46.060510',2,123500,'Van babaágy?',6,NULL,NULL,NULL,NULL),(678,'2020-07-08 13:54:46.075503',6,513800,'Csak este érünk oda',4,NULL,NULL,NULL,NULL),(679,'2020-07-08 13:54:46.108542',6,296400,'Mennyire van messze a parkoló?',4,NULL,NULL,NULL,NULL),(680,'2020-07-08 13:54:46.133518',2,134500,'',5,NULL,NULL,NULL,NULL),(681,'2020-07-08 13:54:46.143505',4,358200,'13:00 körül érkezünk',10,NULL,NULL,NULL,NULL),(682,'2020-07-08 13:54:46.171545',2,33000,'Van vegán menü?',7,NULL,NULL,NULL,NULL),(683,'2020-07-08 13:54:46.182553',4,144600,'',4,NULL,NULL,NULL,NULL),(684,'2020-07-08 13:54:46.196513',4,103200,'13:00 körül érkezünk',6,NULL,NULL,NULL,NULL),(685,'2020-07-08 13:54:46.212505',2,63900,'11-kor érkezünk.',6,NULL,NULL,NULL,NULL),(686,'2020-07-08 13:54:46.222539',2,215200,'11-kor érkezünk.',7,NULL,NULL,NULL,NULL),(687,'2020-07-08 13:54:46.240508',2,16100,'Csak este érünk oda',6,NULL,NULL,NULL,NULL),(688,'2020-07-08 13:54:46.302505',2,49400,'',10,NULL,NULL,NULL,NULL),(689,'2020-07-08 13:54:46.320540',2,80700,'',9,NULL,NULL,NULL,NULL),(690,'2020-07-08 13:54:46.353504',2,211000,'Van vegán menü?',7,NULL,NULL,NULL,NULL),(691,'2020-07-08 13:54:46.373553',2,74100,'',4,NULL,NULL,NULL,NULL),(692,'2020-07-08 13:54:46.383505',4,144000,'11-kor érkezünk.',8,NULL,NULL,NULL,NULL),(693,'2020-07-08 13:54:46.395504',2,22000,'Mennyire van messze a parkoló?',6,NULL,NULL,NULL,NULL),(694,'2020-07-08 13:54:46.405548',4,52100,'',10,NULL,NULL,NULL,NULL),(695,'2020-07-08 13:54:46.459538',2,42200,'',6,NULL,NULL,NULL,NULL),(696,'2020-07-08 13:54:46.484380',2,66000,'13:00 körül érkezünk',9,NULL,NULL,NULL,NULL),(697,'2020-07-08 13:54:46.495411',2,11000,'Csak este érünk oda',6,NULL,NULL,NULL,NULL),(698,'2020-07-08 13:54:46.507415',2,252000,'Csak este érünk oda',8,NULL,NULL,NULL,NULL),(699,'2020-07-08 13:54:46.519376',2,77000,'',10,NULL,NULL,NULL,NULL),(700,'2020-07-08 13:54:46.531390',4,385600,'',6,NULL,NULL,NULL,NULL),(701,'2020-07-08 13:54:46.545410',2,64400,'11-kor érkezünk.',6,NULL,NULL,NULL,NULL),(702,'2020-07-08 13:54:46.568784',2,48300,'',4,NULL,NULL,NULL,NULL),(703,'2020-07-08 13:54:46.612748',2,127800,'',6,NULL,NULL,NULL,NULL),(704,'2020-07-08 13:54:46.623751',2,63300,'Csak este érünk oda',5,NULL,NULL,NULL,NULL),(705,'2020-07-08 13:54:46.634782',2,127800,'13:00 körül érkezünk',2,NULL,NULL,NULL,NULL),(706,'2020-07-08 13:54:46.674969',2,100800,'',10,NULL,NULL,NULL,NULL),(707,'2020-07-08 13:54:46.704971',6,452500,'',4,NULL,NULL,NULL,NULL),(708,'2020-07-08 13:54:46.725978',2,189900,'',4,NULL,NULL,NULL,NULL),(709,'2020-07-08 13:54:46.739007',2,201600,'',11,NULL,NULL,NULL,NULL),(710,'2020-07-08 13:54:46.755006',2,144900,'Van babaágy?',2,NULL,NULL,NULL,NULL),(711,'2020-07-08 13:54:46.771104',2,151200,'',10,NULL,NULL,NULL,NULL),(712,'2020-07-08 13:54:46.816068',2,55000,'Legyen sok sör',7,NULL,NULL,NULL,NULL),(713,'2020-07-08 13:54:46.852066',6,106800,'13:00 körül érkezünk',4,NULL,NULL,NULL,NULL),(714,'2020-07-08 13:54:46.870987',2,32200,'Csak este érünk oda',6,NULL,NULL,NULL,NULL),(715,'2020-07-08 13:54:46.882985',2,21300,'Van babaágy?',7,NULL,NULL,NULL,NULL),(716,'2020-07-08 13:54:46.894985',2,252000,'',9,NULL,NULL,NULL,NULL),(717,'2020-07-08 13:54:46.925024',2,53800,'13:00 körül érkezünk',8,NULL,NULL,NULL,NULL),(718,'2020-07-08 13:54:46.957044',4,51600,'Mennyire van messze a parkoló?',6,NULL,NULL,NULL,NULL),(719,'2020-07-08 13:54:46.969845',2,201600,'',11,NULL,NULL,NULL,NULL),(720,'2020-07-08 13:54:46.992842',2,11000,'',5,NULL,NULL,NULL,NULL),(721,'2020-07-08 13:54:47.011851',2,213000,'Van babaágy?',5,NULL,NULL,NULL,NULL),(722,'2020-07-08 13:54:47.042843',2,126600,'11-kor érkezünk.',8,NULL,NULL,NULL,NULL),(723,'2020-07-08 13:54:47.060847',2,172900,'Van vegán menü?',2,NULL,NULL,NULL,NULL),(724,'2020-07-08 13:54:47.124846',2,21300,'Mennyire van messze a parkoló?',2,NULL,NULL,NULL,NULL),(725,'2020-07-08 13:54:47.155888',2,26900,'',7,NULL,NULL,NULL,NULL),(726,'2020-07-08 13:54:47.172847',2,32200,'',5,NULL,NULL,NULL,NULL),(727,'2020-07-08 13:54:47.183843',6,355200,'',8,NULL,NULL,NULL,NULL),(728,'2020-07-08 13:54:47.208847',2,172900,'Mennyire van messze a parkoló?',9,NULL,NULL,NULL,NULL),(729,'2020-07-08 13:54:47.228847',2,168800,'11-kor érkezünk.',6,NULL,NULL,NULL,NULL),(730,'2020-07-08 13:54:47.248848',6,228900,'',6,NULL,NULL,NULL,NULL),(731,'2020-07-08 13:54:47.278864',2,75600,'Legyen sok sör',8,NULL,NULL,NULL,NULL),(732,'2020-07-08 13:54:47.290864',2,33000,'',5,NULL,NULL,NULL,NULL),(733,'2020-07-08 13:54:47.304861',2,307200,'',5,NULL,NULL,NULL,NULL),(734,'2020-07-08 13:54:47.333861',6,54000,'Van babaágy?',6,NULL,NULL,NULL,NULL),(735,'2020-07-08 13:54:47.349862',2,74100,'Van babaágy?',6,NULL,NULL,NULL,NULL),(736,'2020-07-08 13:54:47.368776',2,192000,'Mennyire van messze a parkoló?',7,NULL,NULL,NULL,NULL),(737,'2020-07-08 13:54:47.408800',2,21100,'Csak este érünk oda',5,NULL,NULL,NULL,NULL),(738,'2020-07-08 13:54:47.450777',6,158400,'',5,NULL,NULL,NULL,NULL),(739,'2020-07-08 13:54:47.465773',2,53800,'',8,NULL,NULL,NULL,NULL),(740,'2020-07-08 13:54:47.476773',4,254400,'Van babaágy?',4,NULL,NULL,NULL,NULL),(741,'2020-07-08 13:54:47.499775',4,290700,'',6,NULL,NULL,NULL,NULL),(742,'2020-07-08 13:54:47.570880',2,33000,'',9,NULL,NULL,NULL,NULL),(743,'2020-07-08 13:54:47.596880',2,99000,'13:00 körül érkezünk',4,NULL,NULL,NULL,NULL),(744,'2020-07-08 13:54:47.613881',2,16100,'Legyen sok sör',5,NULL,NULL,NULL,NULL),(745,'2020-07-08 13:54:47.622884',2,192000,'11-kor érkezünk.',4,NULL,NULL,NULL,NULL),(746,'2020-07-08 13:54:47.637880',2,115200,'',4,NULL,NULL,NULL,NULL),(747,'2020-07-08 13:54:47.647884',2,77000,'',8,NULL,NULL,NULL,NULL),(748,'2020-07-08 13:54:47.699880',4,149700,'Van vegán menü?',9,NULL,NULL,NULL,NULL),(749,'2020-07-08 13:54:47.720916',2,105500,'Van vegán menü?',9,NULL,NULL,NULL,NULL),(750,'2020-07-08 13:54:47.731891',6,65500,'Csak este érünk oda',10,NULL,NULL,NULL,NULL),(751,'2020-07-08 13:54:47.747889',2,21300,'Csak este érünk oda',6,NULL,NULL,NULL,NULL),(752,'2020-07-08 13:54:47.757883',2,115200,'Csak este érünk oda',7,NULL,NULL,NULL,NULL),(753,'2020-07-08 13:54:47.823100',2,50400,'',6,NULL,NULL,NULL,NULL),(754,'2020-07-08 13:54:47.840070',2,21100,'Legyen sok sör',2,NULL,NULL,NULL,NULL),(755,'2020-07-08 13:54:47.861070',2,126600,'',10,NULL,NULL,NULL,NULL),(756,'2020-07-08 13:54:47.877029',2,226800,'',8,NULL,NULL,NULL,NULL),(757,'2020-07-08 13:54:47.888028',4,288000,'13:00 körül érkezünk',10,NULL,NULL,NULL,NULL),(758,'2020-07-08 13:54:47.910027',2,66000,'13:00 körül érkezünk',2,NULL,NULL,NULL,NULL),(759,'2020-07-08 13:54:47.939033',6,144600,'Csak este érünk oda',9,NULL,NULL,NULL,NULL),(760,'2020-07-08 13:54:47.957024',2,75600,'Mennyire van messze a parkoló?',7,NULL,NULL,NULL,NULL),(761,'2020-07-08 13:54:47.975278',2,80500,'13:00 körül érkezünk',9,NULL,NULL,NULL,NULL),(762,'2020-07-08 13:54:48.013275',4,279000,'',4,NULL,NULL,NULL,NULL),(763,'2020-07-08 13:54:48.045304',2,176400,'',8,NULL,NULL,NULL,NULL),(764,'2020-07-08 13:54:48.151274',2,53800,'11-kor érkezünk.',4,NULL,NULL,NULL,NULL),(765,'2020-07-08 13:54:48.207276',2,77000,'',10,NULL,NULL,NULL,NULL),(766,'2020-07-08 13:54:48.222278',2,21300,'',9,NULL,NULL,NULL,NULL),(767,'2020-07-08 13:54:48.307279',2,48300,'',8,NULL,NULL,NULL,NULL),(768,'2020-07-08 13:54:48.377275',2,268800,'13:00 körül érkezünk',2,NULL,NULL,NULL,NULL),(769,'2020-07-08 13:54:48.389282',2,345600,'Van babaágy?',10,NULL,NULL,NULL,NULL),(770,'2020-07-08 13:54:48.445275',2,213000,'Csak este érünk oda',9,NULL,NULL,NULL,NULL),(771,'2020-07-08 13:54:48.540310',2,127800,'13:00 körül érkezünk',10,NULL,NULL,NULL,NULL),(772,'2020-07-08 13:54:48.568284',2,21100,'Csak este érünk oda',10,NULL,NULL,NULL,NULL),(773,'2020-07-08 13:54:48.579803',2,148200,'Van vegán menü?',8,NULL,NULL,NULL,NULL),(774,'2020-07-08 13:54:48.591798',2,161000,'13:00 körül érkezünk',9,NULL,NULL,NULL,NULL),(775,'2020-07-08 13:54:48.615796',2,307200,'11-kor érkezünk.',9,NULL,NULL,NULL,NULL),(776,'2020-07-08 13:54:48.625799',2,128800,'Csak este érünk oda',8,NULL,NULL,NULL,NULL),(777,'2020-07-08 13:54:48.641796',4,54500,'',2,NULL,NULL,NULL,NULL),(778,'2020-07-08 13:54:48.654800',2,24700,'',7,NULL,NULL,NULL,NULL),(779,'2020-07-08 13:54:48.664797',2,24700,'Legyen sok sör',10,NULL,NULL,NULL,NULL),(780,'2020-07-08 13:54:48.752796',2,76800,'11-kor érkezünk.',2,NULL,NULL,NULL,NULL),(781,'2020-07-08 13:54:48.836802',2,110000,'',10,NULL,NULL,NULL,NULL),(782,'2020-07-08 13:54:48.916800',6,74100,'',10,NULL,NULL,NULL,NULL),(783,'2020-07-08 13:54:48.932798',2,126000,'',10,NULL,NULL,NULL,NULL),(784,'2020-07-08 13:54:48.950797',2,26900,'Mennyire van messze a parkoló?',10,NULL,NULL,NULL,NULL),(785,'2020-07-08 13:54:48.976796',4,74800,'',7,NULL,NULL,NULL,NULL),(786,'2020-07-08 13:54:49.039800',2,252000,'',9,NULL,NULL,NULL,NULL),(787,'2020-07-08 13:54:49.089831',2,55000,'',4,NULL,NULL,NULL,NULL),(788,'2020-07-08 13:54:49.113798',2,168800,'Van babaágy?',10,NULL,NULL,NULL,NULL),(789,'2020-07-08 13:54:49.156805',6,321500,'',8,NULL,NULL,NULL,NULL),(790,'2020-07-08 13:54:49.175825',2,26900,'Van babaágy?',2,NULL,NULL,NULL,NULL),(791,'2020-07-08 13:54:49.199828',2,148200,'',7,NULL,NULL,NULL,NULL),(792,'2020-07-08 13:54:49.278797',2,21300,'',5,NULL,NULL,NULL,NULL),(793,'2020-07-08 13:54:49.287799',2,32200,'',10,NULL,NULL,NULL,NULL),(794,'2020-07-08 13:54:49.306797',2,88000,'',11,NULL,NULL,NULL,NULL),(795,'2020-07-08 13:54:49.376797',6,135200,'',11,NULL,NULL,NULL,NULL),(796,'2020-07-08 13:56:18.048075',2,63900,'',10,NULL,NULL,NULL,NULL),(797,'2020-07-08 13:56:18.066586',2,38400,'',2,NULL,NULL,NULL,NULL),(798,'2020-07-08 13:56:18.103590',2,50400,'',10,NULL,NULL,NULL,NULL),(799,'2020-07-08 13:56:18.148589',2,170400,'',10,NULL,NULL,NULL,NULL),(800,'2020-07-08 13:56:18.157591',2,38400,'Csak este érünk oda',7,NULL,NULL,NULL,NULL),(801,'2020-07-08 13:56:18.254589',4,204000,'Legyen sok sör',5,NULL,NULL,NULL,NULL),(802,'2020-07-08 13:56:18.318590',2,126000,'Van vegán menü?',5,NULL,NULL,NULL,NULL),(803,'2020-07-08 13:56:18.438590',4,72400,'Van vegán menü?',8,NULL,NULL,NULL,NULL),(804,'2020-07-08 13:56:18.500589',2,191700,'',11,NULL,NULL,NULL,NULL),(805,'2020-07-08 13:56:18.527590',2,32200,'',9,NULL,NULL,NULL,NULL),(806,'2020-07-08 13:56:18.605591',2,75600,'Van babaágy?',2,NULL,NULL,NULL,NULL),(807,'2020-07-08 13:56:18.665598',2,11000,'Mennyire van messze a parkoló?',7,NULL,NULL,NULL,NULL),(808,'2020-07-08 13:56:18.675587',2,55000,'Csak este érünk oda',9,NULL,NULL,NULL,NULL),(809,'2020-07-08 13:56:18.712589',2,105500,'',11,NULL,NULL,NULL,NULL),(810,'2020-07-08 13:56:18.749592',4,130600,'',10,NULL,NULL,NULL,NULL),(811,'2020-07-08 13:56:18.769589',2,80700,'Csak este érünk oda',8,NULL,NULL,NULL,NULL),(812,'2020-07-08 13:56:18.778589',2,76800,'',8,NULL,NULL,NULL,NULL),(813,'2020-07-08 13:56:18.838591',2,16100,'Van vegán menü?',8,NULL,NULL,NULL,NULL),(814,'2020-07-08 13:56:18.850588',2,26900,'Csak este érünk oda',5,NULL,NULL,NULL,NULL),(815,'2020-07-08 13:56:18.889588',2,42200,'13:00 körül érkezünk',5,NULL,NULL,NULL,NULL),(816,'2020-07-08 13:56:18.903603',2,96600,'Van babaágy?',5,NULL,NULL,NULL,NULL),(817,'2020-07-08 13:56:19.070588',4,42400,'Legyen sok sör',7,NULL,NULL,NULL,NULL),(818,'2020-07-08 13:56:19.259269',2,345600,'11-kor érkezünk.',11,NULL,NULL,NULL,NULL),(819,'2020-07-08 13:56:19.311307',2,80700,'',4,NULL,NULL,NULL,NULL),(820,'2020-07-08 13:56:19.346268',2,21300,'',5,NULL,NULL,NULL,NULL),(821,'2020-07-08 13:56:19.405273',2,63900,'11-kor érkezünk.',2,NULL,NULL,NULL,NULL),(822,'2020-07-08 13:56:19.435267',2,53800,'Mennyire van messze a parkoló?',11,NULL,NULL,NULL,NULL),(823,'2020-07-08 13:56:19.444270',4,65300,'13:00 körül érkezünk',5,NULL,NULL,NULL,NULL),(824,'2020-07-08 13:56:19.479269',2,25200,'',4,NULL,NULL,NULL,NULL),(825,'2020-07-08 13:56:19.607268',4,109000,'',8,NULL,NULL,NULL,NULL),(826,'2020-07-08 13:56:19.687277',2,63900,'Csak este érünk oda',11,NULL,NULL,NULL,NULL),(827,'2020-07-08 13:56:19.701277',2,22000,'',7,NULL,NULL,NULL,NULL),(828,'2020-07-08 13:56:19.710267',2,112700,'',2,NULL,NULL,NULL,NULL),(829,'2020-07-08 13:56:19.723273',2,80500,'Van vegán menü?',9,NULL,NULL,NULL,NULL),(830,'2020-07-08 13:56:19.884267',4,40800,'Legyen sok sör',6,NULL,NULL,NULL,NULL),(831,'2020-07-08 13:56:20.011269',4,32100,'11-kor érkezünk.',9,NULL,NULL,NULL,NULL),(832,'2020-07-08 13:56:20.028272',2,25200,'',2,NULL,NULL,NULL,NULL),(833,'2020-07-08 13:56:20.110296',2,25200,'',11,NULL,NULL,NULL,NULL),(834,'2020-07-08 13:56:20.144306',2,105500,'Legyen sok sör',2,NULL,NULL,NULL,NULL),(835,'2020-07-08 13:56:20.213266',2,115200,'',8,NULL,NULL,NULL,NULL),(836,'2020-07-08 13:56:20.287278',2,50400,'Van vegán menü?',2,NULL,NULL,NULL,NULL),(837,'2020-07-08 13:56:20.310309',2,42600,'Legyen sok sör',2,NULL,NULL,NULL,NULL),(838,'2020-07-08 13:56:20.425267',2,76800,'',9,NULL,NULL,NULL,NULL),(839,'2020-07-08 13:56:20.447288',2,64400,'',10,NULL,NULL,NULL,NULL),(840,'2020-07-08 13:56:20.542300',2,110000,'',7,NULL,NULL,NULL,NULL),(841,'2020-07-08 13:56:20.652270',2,25200,'',11,NULL,NULL,NULL,NULL),(842,'2020-07-08 13:56:20.660270',2,127800,'',5,NULL,NULL,NULL,NULL),(843,'2020-07-08 13:56:20.684268',2,126000,'Van babaágy?',6,NULL,NULL,NULL,NULL),(844,'2020-07-08 13:56:20.709267',2,26900,'',5,NULL,NULL,NULL,NULL),(845,'2020-07-08 13:56:20.744269',2,107600,'',8,NULL,NULL,NULL,NULL),(846,'2020-07-08 13:56:20.778273',6,175500,'Van babaágy?',10,NULL,NULL,NULL,NULL),(847,'2020-07-08 13:56:20.810304',2,42600,'',5,NULL,NULL,NULL,NULL),(848,'2020-07-08 13:56:20.852265',2,21300,'',7,NULL,NULL,NULL,NULL),(849,'2020-07-08 13:56:20.901272',2,88000,'Mennyire van messze a parkoló?',9,NULL,NULL,NULL,NULL),(850,'2020-07-08 13:56:20.947266',2,24700,'Mennyire van messze a parkoló?',2,NULL,NULL,NULL,NULL),(851,'2020-07-08 13:56:21.047266',2,26900,'13:00 körül érkezünk',8,NULL,NULL,NULL,NULL),(852,'2020-07-08 13:56:21.136287',2,100800,'',4,NULL,NULL,NULL,NULL),(853,'2020-07-08 13:56:21.209272',2,74100,'13:00 körül érkezünk',8,NULL,NULL,NULL,NULL),(854,'2020-07-08 13:56:21.225266',2,63900,'',7,NULL,NULL,NULL,NULL),(855,'2020-07-08 13:56:21.240268',2,74100,'Legyen sok sör',2,NULL,NULL,NULL,NULL),(856,'2020-07-08 13:56:21.308269',6,222300,'13:00 körül érkezünk',11,NULL,NULL,NULL,NULL),(857,'2020-07-08 13:56:21.324269',2,98800,'Van babaágy?',5,NULL,NULL,NULL,NULL),(858,'2020-07-08 13:56:21.424279',2,24700,'11-kor érkezünk.',11,NULL,NULL,NULL,NULL),(859,'2020-07-08 13:56:21.578269',2,38400,'Legyen sok sör',11,NULL,NULL,NULL,NULL),(860,'2020-07-08 13:56:21.612296',2,63900,'Van vegán menü?',11,NULL,NULL,NULL,NULL),(861,'2020-07-08 13:56:21.729270',2,24700,'',8,NULL,NULL,NULL,NULL),(862,'2020-07-08 13:57:43.146951',2,112700,'Van vegán menü?',10,NULL,NULL,NULL,NULL),(863,'2020-07-08 13:57:43.180039',4,54500,'',2,NULL,NULL,NULL,NULL),(864,'2020-07-08 13:57:43.219029',2,32200,'Van vegán menü?',10,NULL,NULL,NULL,NULL),(865,'2020-07-08 13:57:43.298029',2,16100,'11-kor érkezünk.',4,NULL,NULL,NULL,NULL),(866,'2020-07-08 13:57:43.341030',2,24700,'Mennyire van messze a parkoló?',8,NULL,NULL,NULL,NULL),(867,'2020-07-08 13:57:43.365028',2,74100,'Legyen sok sör',7,NULL,NULL,NULL,NULL),(868,'2020-07-08 13:57:43.433029',6,62600,'Van babaágy?',6,NULL,NULL,NULL,NULL),(869,'2020-07-08 13:57:43.458031',2,11000,'Mennyire van messze a parkoló?',9,NULL,NULL,NULL,NULL),(870,'2020-07-08 13:57:43.616029',2,16100,'Csak este érünk oda',8,NULL,NULL,NULL,NULL),(871,'2020-07-08 13:57:43.700029',2,147700,'',5,NULL,NULL,NULL,NULL),(872,'2020-07-08 13:57:43.729034',4,48000,'11-kor érkezünk.',8,NULL,NULL,NULL,NULL),(873,'2020-07-08 13:57:43.785029',2,25200,'Van babaágy?',2,NULL,NULL,NULL,NULL),(874,'2020-07-08 13:57:43.955028',2,16100,'',4,NULL,NULL,NULL,NULL),(875,'2020-07-08 13:57:44.027029',2,21100,'13:00 körül érkezünk',5,NULL,NULL,NULL,NULL),(876,'2020-07-08 13:57:44.088033',2,66000,'Legyen sok sör',5,NULL,NULL,NULL,NULL),(877,'2020-07-08 13:57:44.171031',2,123500,'',5,NULL,NULL,NULL,NULL),(878,'2020-07-08 13:57:44.204033',2,84400,'Legyen sok sör',5,NULL,NULL,NULL,NULL),(879,'2020-07-08 13:57:44.269032',2,88000,'Csak este érünk oda',11,NULL,NULL,NULL,NULL),(880,'2020-07-08 13:57:44.315029',2,115200,'',7,NULL,NULL,NULL,NULL),(881,'2020-07-08 13:57:44.337029',2,107600,'',4,NULL,NULL,NULL,NULL),(882,'2020-07-08 13:57:44.382028',2,22000,'13:00 körül érkezünk',5,NULL,NULL,NULL,NULL),(883,'2020-07-08 13:57:44.421069',2,75600,'Legyen sok sör',9,NULL,NULL,NULL,NULL),(884,'2020-07-08 13:57:44.429029',6,236000,'Van vegán menü?',11,NULL,NULL,NULL,NULL),(885,'2020-07-08 13:57:44.492067',2,76800,'',10,NULL,NULL,NULL,NULL),(886,'2020-07-08 13:57:44.559028',2,21100,'Van vegán menü?',9,NULL,NULL,NULL,NULL),(887,'2020-07-08 13:57:44.606031',2,98800,'Van babaágy?',2,NULL,NULL,NULL,NULL),(888,'2020-07-08 13:57:44.642069',4,138900,'Legyen sok sör',10,NULL,NULL,NULL,NULL),(889,'2020-07-08 13:57:44.734029',4,63100,'Legyen sok sör',4,NULL,NULL,NULL,NULL),(890,'2020-07-08 13:57:44.757068',2,24700,'Legyen sok sör',7,NULL,NULL,NULL,NULL),(891,'2020-07-08 13:57:44.787030',4,54500,'Van vegán menü?',6,NULL,NULL,NULL,NULL),(892,'2020-07-08 13:57:44.922027',2,25200,'Mennyire van messze a parkoló?',5,NULL,NULL,NULL,NULL),(893,'2020-07-08 13:57:45.341028',2,16100,'Legyen sok sör',11,NULL,NULL,NULL,NULL),(894,'2020-07-08 13:57:45.414043',4,37200,'',5,NULL,NULL,NULL,NULL),(895,'2020-07-08 13:57:45.527028',2,307200,'',2,NULL,NULL,NULL,NULL),(896,'2020-07-08 13:57:45.579031',2,11000,'13:00 körül érkezünk',9,NULL,NULL,NULL,NULL),(897,'2020-07-08 13:57:45.677043',2,42200,'',11,NULL,NULL,NULL,NULL),(898,'2020-07-08 13:57:45.689041',2,38400,'Mennyire van messze a parkoló?',8,NULL,NULL,NULL,NULL),(899,'2020-07-08 13:57:45.766029',2,126000,'Csak este érünk oda',9,NULL,NULL,NULL,NULL),(900,'2020-07-08 13:57:45.809028',4,151600,'Van babaágy?',7,NULL,NULL,NULL,NULL),(901,'2020-07-08 13:57:45.934032',2,64400,'13:00 körül érkezünk',10,NULL,NULL,NULL,NULL),(902,'2020-07-08 13:57:45.949027',2,63900,'Van vegán menü?',9,NULL,NULL,NULL,NULL),(903,'2020-07-08 13:57:46.088065',2,21300,'',9,NULL,NULL,NULL,NULL),(904,'2020-07-08 13:57:46.116031',2,75600,'',10,NULL,NULL,NULL,NULL),(905,'2020-07-08 13:57:46.129056',4,103200,'13:00 körül érkezünk',6,NULL,NULL,NULL,NULL),(906,'2020-07-08 13:57:46.151028',2,38400,'13:00 körül érkezünk',7,NULL,NULL,NULL,NULL),(907,'2020-07-08 13:57:46.181028',2,24700,'Van vegán menü?',8,NULL,NULL,NULL,NULL),(908,'2020-07-08 13:57:46.200042',4,63600,'Van babaágy?',9,NULL,NULL,NULL,NULL),(909,'2020-07-08 13:57:46.245032',2,153600,'',4,NULL,NULL,NULL,NULL),(910,'2020-07-08 13:57:46.416029',2,16100,'Legyen sok sör',10,NULL,NULL,NULL,NULL),(911,'2020-07-08 13:57:46.636028',2,105500,'13:00 körül érkezünk',10,NULL,NULL,NULL,NULL),(912,'2020-07-08 13:57:46.735064',2,33000,'',7,NULL,NULL,NULL,NULL),(913,'2020-07-08 18:59:02.080308',NULL,98800,'',NULL,'Futrinka street','eles.peter.12@gmail.com','Mickey','Mouse'),(915,'2020-07-08 19:10:16.705209',1,64400,'',NULL,'Futrinka street','eles.peter.12@gmail.com','Éles','Péter'),(916,'2020-07-09 07:30:39.516995',2,87600,'sok sör',2,NULL,NULL,NULL,NULL),(918,'2020-07-09 08:51:02.005160',2,26400,'sok sör',2,NULL,NULL,NULL,NULL),(919,'2020-07-09 08:53:57.832827',2,169600,'',NULL,'Futrinka street','eles.peter.12@gmail.com','Mickey','Mouse'),(920,'2020-09-24 15:52:33.744200',3,114300,'plusz gyerek ágyat szeretnék!',2,NULL,NULL,NULL,NULL),(922,'2020-10-01 20:28:49.965022',4,169900,'sdfasfsdadsdf',NULL,'Futrinka street','eles.peter.12@gmail.com','Mickey','Mouse');
/*!40000 ALTER TABLE `booking` ENABLE KEYS */;
UNLOCK TABLES;

--
-- Table structure for table `confirmation_token`
--

DROP TABLE IF EXISTS `confirmation_token`;
/*!40101 SET @saved_cs_client     = @@character_set_client */;
/*!50503 SET character_set_client = utf8mb4 */;
CREATE TABLE `confirmation_token` (
  `token_id` bigint(20) NOT NULL,
  `confirmation_token` varchar(255) DEFAULT NULL,
  `created_date` datetime(6) DEFAULT NULL,
  `user_id` bigint(20) NOT NULL,
  PRIMARY KEY (`token_id`),
  KEY `FKnoasnpm4umidxvt0yevmygqd8` (`user_id`),
  CONSTRAINT `FKnoasnpm4umidxvt0yevmygqd8` FOREIGN KEY (`user_id`) REFERENCES `account` (`user_id`)
) ENGINE=InnoDB DEFAULT CHARSET=utf8;
/*!40101 SET character_set_client = @saved_cs_client */;

--
-- Dumping data for table `confirmation_token`
--

LOCK TABLES `confirmation_token` WRITE;
/*!40000 ALTER TABLE `confirmation_token` DISABLE KEYS */;
/*!40000 ALTER TABLE `confirmation_token` ENABLE KEYS */;
UNLOCK TABLES;

--
-- Table structure for table `hibernate_sequence`
--

DROP TABLE IF EXISTS `hibernate_sequence`;
/*!40101 SET @saved_cs_client     = @@character_set_client */;
/*!50503 SET character_set_client = utf8mb4 */;
CREATE TABLE `hibernate_sequence` (
  `next_val` bigint(20) DEFAULT NULL
) ENGINE=InnoDB DEFAULT CHARSET=utf8;
/*!40101 SET character_set_client = @saved_cs_client */;

--
-- Dumping data for table `hibernate_sequence`
--

LOCK TABLES `hibernate_sequence` WRITE;
/*!40000 ALTER TABLE `hibernate_sequence` DISABLE KEYS */;
INSERT INTO `hibernate_sequence` VALUES (14),(14);
/*!40000 ALTER TABLE `hibernate_sequence` ENABLE KEYS */;
UNLOCK TABLES;

--
-- Table structure for table `hotel`
--

DROP TABLE IF EXISTS `hotel`;
/*!40101 SET @saved_cs_client     = @@character_set_client */;
/*!50503 SET character_set_client = utf8mb4 */;
CREATE TABLE `hotel` (
  `id` bigint(20) NOT NULL AUTO_INCREMENT,
  `avg_rate` double DEFAULT NULL,
  `city` varchar(255) DEFAULT NULL,
  `description` text,
  `hotel_type` varchar(255) DEFAULT NULL,
  `latitude` double DEFAULT NULL,
  `longitude` double DEFAULT NULL,
  `name` varchar(255) DEFAULT NULL,
  `postal_code` varchar(255) DEFAULT NULL,
  `street_address` varchar(255) DEFAULT NULL,
  PRIMARY KEY (`id`)
) ENGINE=InnoDB AUTO_INCREMENT=51 DEFAULT CHARSET=utf8;
/*!40101 SET character_set_client = @saved_cs_client */;

--
-- Dumping data for table `hotel`
--

LOCK TABLES `hotel` WRITE;
/*!40000 ALTER TABLE `hotel` DISABLE KEYS */;
INSERT INTO `hotel` VALUES (1,7.8,'Budapest','Budapest belvárosában, a világörökség részét képező Andrássy úttal párhuzamosan fekvő Benczúr utcában, könnyen megközelíthető helyen, mégis a város zajától elzárva, elegáns környezetben található a Benczúr Hotel.\nSzállodánk teraszai, hangulatos, árnyas belső kertje tavasztól őszig egyedülálló lehetőséget nyújtanak különleges hangulatú fogadások, kerti partik, szabadtéri rendezvények lebonyolításához.\nSzállodánk 90 standard (3-csillagos színvonalú) és 58 superior (4-csillagos színvonalú) szobával, 4 superior apartmannal és 8 lakosztállyal várja vendégeit. Az igényesen kialakított szobák színes televízióval, telefonnal és minibárral, Internet kapcsolattal felszereltek, a superior kategóriában teljesen, a standard kategóriában részben légkondicionáltak. Superior szárnyunk teljes egészében nem dohányzó, itt kialakításra kerültek mozgáskorlátozottak részére alkalmas, valamint anti-allergén szobák is.\nA vendégek további kényelmét szobaszerviz, széf, csomagmegőrző, őrzött parkoló, mosoda szolgálja, kikapcsolódását étterem, kávézó, internet sarok és hangulatos kerthelyiség biztosítja. Szállodánk recepciója teljes körű programszervezéssel segíti vendégeit szabadidejének tartalmas eltöltésében.\nSzállodánk hét különböző méretű konferenciateremmel és egy a\'la carte étteremmel rendelkezik, melyek mindegyike légkondicionált, a legkorszerűbb technikával felszerelt és minden igényt kielégítően, változatosan berendezhető. A legnagyobb 250, a legkisebb helyiségünk pedig 20 fő befogadására képes.\n','PANZIO',47.5113325,19.0758033,'Benczúr Hotel Budapest','1068','Benczúr utca 35'),(2,8.6,'Budapest','A Green Hotel Budapest egyedi stílusú business city és konferenciaszállodája a város kiemelt rendezvényközpontjában, a Stadionoknál.\nTermészetes élményekkel, különböző hangulatban kialakított, tágas és modern szobákkal, illetve üzleti és családi rendezvényekhez, konferenciákhoz kiválóan alkalmas különteremmel várjuk vendégeinket.\nA szálloda központi fekvése színvonalas programlehetőségeket és kellemes időtöltést kínál üzletemberek, családok vagy csoportok részére egyaránt. (pl: Hungexpo Vásárközpont, a Syma Központ, a Papp László Sportaréna és az Arena Plaza Bevásárlóközpont)\nA belváros könnyen elérhető a 100 méterre található M2 metróval.\nÁtutalásos fizetés esetén, csak teljes előreutalást tudunk elfogadni. Az átutalt összeget a későbbiekben nem áll módunkban visszatéríteni.\nKérjük kedves vendégeinket, hogy parkolási igényüket előre szíveskedjenek jelezni a szálloda felé!\n','APARTMAN',47.5005122,19.1108658,'Green Hotel Budapest','1148','Kerepesi út 34.'),(3,8.9,'Budapest','3 csillagos szálloda a belváros szívében Zárt parkoló A város nevezetességei könnyen elérhetőek\nA 2005 szeptemberében megnyílt három csillagos szálloda bár a város szívében, a lüktető élet közelében épült, a vendégeket mégis csendes, barátságos környezet fogadja. A ház színvilága mediterrán hangulatú. Belső átriumos kialakításának köszönhetően, a ház belseje egész nap természetes fénnyel van megvilágítva. Az átriumban kapott helyet a reggeliző helység, ahol egyszerre száz vendég tudja kényelmesen elfogyasztani svédasztalos reggelijét.\nSzobáink többsége külön előtérből nyílik, lehetőséget biztosítva arra, hogy a szállodai élet ne zavarja a pihenni vágyókat. A teljes körű kikapcsolódáshoz hozzájárul a minden szobában elhelyezett színes televízió, hűtőszekrény és telefon, valamint a vízforraló teafilterrel. Szobáink egy része légkondicionálóval felszerelt, melyet előzetes foglalás esetén, ingyenesen tudunk a vendégek rendelkezésére bocsátani. A fürdőszobák zuhanykabinnal felszereltek, télen padlófűtés biztosítja a kellemes meleget. Néhány szobánk franciaágyas, többségében azonban külön ágyas szobával rendelkezünk, de természetesen külön kérésre az ágyakat összetoljuk.\nBudapest nevezetességei perceken belül elérhetők a szállodából a Blaha Lujza tér frekventált fekvéséből, illetve a 4-es metró közelségéből adódóan. A Budapesti Vásárváros, a Hungexpo területe is könnyen megközelíthető. A szálloda 2012. január 1-től 100%-ban nemdohányzó szállodaként működik.\nA szállodában átutalásos fizetés esetén, csak teljes előreutalást tudunk elfogadni. Az átutalt összeget visszatéríteni sajnos nem áll módunkban.\nTisztelettel megkérjük kedves Vendégeinket, hogy a szállás díját, illetve az egyéb költségeket érkezéskor szíveskedjenek rendezni! Szíves megértésüket köszönjük!\n','APARTMAN',47.494066618439,19.079260826111,'Atlantic Hotel Budapest','1081','Népszínház utca 55'),(4,5.6,'Budapest','Panziónk Budapest központjától 10 kilométerre található, Csillaghegyen, zöldövezetben. Autóval és tömegközlekedéssel is könnyen megközelíthető. Nemcsak a belváros érhető el egyszerűen, de számos kirándulási lehetőség is, mint például Szentendre vagy Visegrád. Családias panzió 20 szobával, összesen 45 férőhellyel, konferenciateremmel és szaunával, Budapest 2 legszebb strandjának szomszédságában (Csillaghegyi strandfürdő és Római élményfürdő). 2, 3 és 4 ágyas szobáink zuhanyzós fürdőszobával, TV-vel és minibárral felszereltek. A folyamatos felújításoknak köszönhetően néhány szobában már klíma is üzemel.\n','HOSTEL',47.591382655166,19.048774838448,'Alfréd Panzió Budapest','1038','Vasút sor 20'),(5,7.8,'Budapest','Szállodánk Buda szívében a Gellérthegy lábánál található, közvetlenül az M1-es és az M7-es autópálya budai bevezető szakaszán. A Budapesti Kongresszusi Központ és a MOM Park bevásárló központ közvetlen közelében található, ahonnan a belváros pillanatok alatt megközelíthető a 8-as és a 112-es autóbuszokkal.\nA közelmúltban felújított szálloda külső és belső megjelenése valamint munkatársaink udvarias közvetlensége, jókedve különleges mediterrán légkört teremt. Családias, otthonos mégis elegáns. Szívesen látjuk vendégül mind a hivatalos ügyben ide látogatókat mind a pihenésre, kikapcsolódásra vágyókat. A budai hegyekre nyíló szobáink felszereltsége minden igényt kielégít.\nSzobáink felszereltsége: fürdőkád, vagy zuhanyzó, légkondícionáló, hajszárító, hangszigetelt ablakok és ajtók, minibár, szobai széf, telefon, wifi internet hozzáférés, színes televízió 15 csatornával, házi mozi csatornák.\nJellegzetes déli növényekkel övezett Latin Kert Terasz és a Napraforgó Különterem szállodánk ékessége. A kertben kialakított üvegfalú légkondicionált télikert ideális helyszín vállalati, céges rendezvények, tréningek és családi összejövetelek számára.\nA hallban lévő Drinkbárunk széles italválasztékkal várja vendégeinket a nap minden órájában. Extra képernyős televíziónk 100 csatornával szórakoztatja, informálja azokat, akik nem csupán beszélgetni vagy kávézni szeretnének a szálloda halljában. Hangulatos légkörben szauna és jakuzzi biztosítja a teljes ellazulás és relaxálás lehetőségét. Zárt mélygarázsunkban biztonságos elhelyezést nyújtunk vendégeink járművei részére.\n','SZALLODA',47.4860172,19.02511819999995,'Mediterrán Hotel Budapest','1118','Budaörsi út 20a'),(6,7.8,'Budapest','Budapest belvárosában – a Deák tér és az Andrássy út közvetlen közelében – modern, klímatizált, teljesen felszerelt lakásokat, apartmanokat kínálunk akár 1-2 éjszakás, akár több hetes tartózkodásra is. Kényelmes luxus apartmanjaink mind üzleti, mind turista vendégeink igényeit kielégítik. Az újépítésű házban található apartmanjaink 1-2 hálószobásak. Az apartmanok ideális szállása családoknak, baráti pároknak, üzletembereknek. A hálószobában franciaágy, a nappaliban francia ággyá alakítható kanapé található. (4-6 fő részére komfortos szálláslehetőség) Az apartmanokhoz terasz tartozik, ahol kerti bútor található. Nyári estéken a budapesti városnézés fáradalmait itt kipihenheti egy pohár bor kíséretében.\n2 szobás apartman: 1 hálószoba franciaággyal, 1 amerikai konyhás nappali kihúzható 2 személyes kanapéval, 1 fürdőszoba 1 WC-vel, terasz. Ideális 1-4 fő részére. 3 szobás apartman: 2 hálószoba franciaággyal, 1 amerikai konyhás nappali kihúzható 2 személyes kanapéval, 2 fürdőszoba 2 WC-vel, terasz. Ideális 1-6 fő részére.\nA szobaárak tartalmazzák: az ágyneműhuzatot, a takarítás díját, az Áfá-t és az idegenforgalmi adót is.\nAz apartmanok felszereltsége: légkondícionálás, színes TV nemzetközi csatornákkal, ágyneműhuzat, paplan-párna, vasalódeszka, terasz, kerti bútor, vasaló, vasalódeszka. Amerikai konyha: modern konyhabútor, hűtőszekrény, mikrohullámú sütő, mosogatógép, elektromos tűzhely-és sütő, kenyérpirító, kávéfőző, vízforraló, tányérok, lábasok, evőeszközök Fürdőszoba: fürdőkád, mosdókagyló, WC, mosógép, törölköző, hajszárító\nParkolási lehetőség a ház alatti zárt, fedett parkolóban. A parkolási díj nappal 400 Ft, éjszaka 200 Ft óránként.\nMegközelíthetőség:\nAz apartmanok Budapest szívében, a VI. Kerületi Székely Mihály u. 3-ban találhatók. 5 perc sétával elérhető a Deák tér, a világörökség részének nyilvánított Andrássy út, Operaház, budapesti Broadway (színházak). Tömegközlekedés: Deák téri metrómegálló 5 perc séta, ahol az M1,M2 és M3 metró jár.\nAz apartmanház közelében található Budapest egyik legnépszerűbb fitnesz központja. Szolgáltatásai közé tartozik a kardio és erősítő edzések, csoportos foglalkozások és wellness részleg teljes körű használata. Érdeklődni és jegyet vásárolni recepciónkon lehetséges.\n','PANZIO',47.500513,19.0593248,'Aboriginal Budapest Apartments','1061','Székely Mihály utca 3'),(7,6.8,'Budapest','Kedves vendégeink, sok szeretettel köszöntjük Önöket.\nA Guest House Orczy Park egy családi vendégház a város központjához közel, mégis zöld övezetben. A szobáink standard kétágyas szobák, nagyobb franciaággyal. A szobákban található teakonyha, mikrohullám sütővel, hűtőszekrénnyel, vízforralóval, evőeszközök, tányér, pohár. Minden szobában van televízió 150 digitális tv csatornával, magyar és idegen nyelvű tv csatornákkal (CNN, BBC, RT, TV5Monde, tve, 2DF, DW, SAT.1, RTL, Rai1, Aljazeera, ORF1, ORF2, Polonia) Minden szobánkhoz saját tágas fürdőszoba tartozik hajszárítóval. A szállásnak paddal felszerelt udvara is van.\nVendégházunk családi vállalkozás, beszélünk angolul és németül, állunk kedves vendégeink rendelkezésére. A vendégfogadásban mindenben igyekszünk alkalmazkodni vendégeink igényeihez, rugalmasak vagyunk. A vendégház a város központjához közel, mégis zöld övezetben található. A szálláshely szomszédságában két egyetem is található, és egyetemi campus park, amelyben egy kis csónakázó tó is található és amelyről a szálláshely a nevét is kapta. A szomszédos park minden pihenni vágyónak kellemes kikapcsolódást nyújt, kisgyerekeseknek találnak a közelben számos játszóteret.\nA vendégházunk tömegközlekedés szempontjából kiváló helyen van, - Nagyvárad tér metró megálló (M3-as metró) 350 méter 4 perc séta, - a Keleti pályaudvar (nemzetközi vasútpályaudvar) villamossal 10 perc, 2,5 km távra található, - A Népliget nemzetközi buszpályaudvar szállásunktól egy metrómegállóra található, 1,1 km távra, gyalog 11 perc - A Liszt Ferenc nemzetközi repülőtér felől könnyen elérhetőek vagyunk, a reptérre vezető főúthoz közel helyezkedik el a vendégház. A reptértől 17,4 km autóval 20 perc. - Az autós parkolás a szomszédos kis utcában megoldható.\n','HOSTEL',47.4816741,19.0936423,'Guest House Orczy Park Budapest','1089','Orczy út 14.'),(8,8.1,'Budapest','A 40 szobás szálloda ma Budapest legszebb zöldövezetében, a Római-parton található. A szállodahajón, mely Budapest szinte egyetlen természetes Duna-parti részén van kikötve.\nMagyarországon egyedülállóan közvetlenül a szállodától óránként indulnak hajójáratok a belvárosba (Margit-sziget, Parlament stb.) Márciustól - Novemberig. A hajójáratokról könnyen felfedezhetik Budapest legszebb pontjait. Hétköznap érvényes BKV bérlet, hétvégén pedig 750Ft-os hajójegy ellenében indulhatnak feledhetetlen városnézésre.\nA szobák légkondicionáltak, zuhanyzóval illetve fürdőszobával, televízióval, telefonnal, internet hozzáféréssel vannak ellátva.\nHajónk az Orosz cári dinasztia megrendelésére készült 1903-ban a Szomorszkij hajógyárban. A hajó főleg az Orosz folyamokon (Kaukázus, Merkúr) teljesített szolgálatot.\nCsak vacsorázni szeretne vagy egy finom kávét fogyasztana el üzleti partnerével?\nSzüksége lenne egy helyre ahol rendszeresen konferenciákat, bemutatókat tarthatna?\nEsetleg eltöltene nálunk egy hosszú hétvégét kollégáival csapatépítés céljából?\nVagy közelgő esküvőjéhez keresi a megfelelő helyszínt?\nAkkor Ön jó helyen jár! Ön megálmodja, mi megvalósítjuk!\n','HOSTEL',47.573575210127,19.06541109085,'Aquamarina Boathotel & Rendezvényhajó Budapest','1031','Rozgonyi Piroska u. 40'),(9,8.9,'Budapest','2011-ban szállodává alakított épület Budapesten a Rákóczi Híd közelében található, így minden irányból (M0, M3 ,M1, M7, M5 és a Liszt Ferenc Repülőtérről ) egyszerűen és gyorsan megközelíthető.\nNagyszerű elhelyezkedése miatt könnyedén elérhetőek a város nevezetességei, kulturális és pénzügyi központjai.\n80 barátságosan berendezett szobával rendelkezünk, így egyaránt lehetőségünk van egyéni szállóvendégek, turistacsoportok elszállásolására valamint konferenciák lebonyolítására is! Minden szobánk fürdőszobával, ingyenes internet-csatlakozással, minibárral, telefonnal LCD Tv-vel, nemzetközi csatornákkal felszereltek. Vendégeink autóinak biztonságos elhelyezésére zárt parkoló áll rendelkezésre és akár több autóbusz elhelyezésére is lehetőség van.\nKonferenciatermünk 45-80 fő befogadására alkalmas, amelynek berendezését minden esetben a megrendelő igényeinek megfelelően alakítunk ki. A konferenciák sikeres lebonyolításához szükséges technikai és éttermi hátteret biztosítjuk, termünkben ingyenes vezeték nélküli internet kapcsolat van!\n','APARTMAN',47.455769,19.086295,'Canada Hotel Budapest','1095','Soroksári út 132.'),(10,8.8,'Budapest','Kényelmes, felszerelt apartmanokkal várjuk a város szívében a divatos Corvin sétányon. Éttermek és bevásárlási lehetőségek sokasága található a környéken. A villamos és metró megálló pár perc sétányira van. Ha autóval érkeznek tudunk parkolót biztosítani. Apartmanjaink többsége erkélyes vagy teraszos. Nagy képernyős televízió és ingyenes wifi van minden apartmanban. Tisztasággal és mosollyal várjuk kedves vendégeinket.\n','APARTMAN',47.4860372,19.0767802,'Corvin Residence Apartments Budapest','1082','Corvin sétány 4.'),(11,7.3,'Budapest','A K9 Residence apartmanház Budapest szívében, tökéletes elhelyezkedéssel várja vendégeit a Károly körúton, a Deák tér mellett. A ház studio és két-hálószobás apartmanokat kínál, melyek mindegyike saját, felszerelt konyhával, valamint privát, zuhanyzós fürdőszobával rendelkezik. Az apartmanok légkondicionáltak, ingyenes WIFI internettel, síkképernyős televízióval, vasalóval és vasalódeszkával, hajszárítóval, széffel, telefonnal felszereltek. Törölközőt, ágyneműt, piperecikkeket biztosítanak a vendégek részére. Az apartmanházban 24 órás recepció működik, ahol több nyelven beszélő személyzet áll a vendégek rendelkezésére bármilyen kérdés, kérés esetén. Lehetőség van privát taxi transzfert kérni a recepción, illetve az autóval érkezők számára kamerával őrzött saját parkoló is rendelkezésre áll díjfizetés ellenében.\n','HOSTEL',47.4966668,19.0576731,'K 9 Residence Budapest','1075','Károly körút 9.'),(12,6.2,'Budapest','Mit kínálunk Önöknek?\nSzállást – Konferencia helyszínt – Vendéglátást\n- 28 szoba, - szauna, - 60 fős étterem és bár, valamint - 2 konferenciaterem\ngondoskodik az egyéni és az üzleti felhasználásról!\nA kerthelyiség és a saját parkoló teszi még kellemesebbé az itt tartózkodást.\nSzállodánk kitűnő választás, ha Ön…\nüzleti megbeszélés, meeting, tréning, esküvő, szeminárium, konferencia, kongresszus, termékbemutató, partnertalálkozó, bankett, bál, vagy bármilyen más rendezvény megszervezéséhez ideális helyszínt keres.\nA rendezvények zökkenőmentes lebonyolítását két konferenciaterem, étterem ,kerthelység, és modern konyhatechnológia biztosítja! A földszinten található konferenciatermek a kerttel egy nyugodt és hangulatos környezetet teremtenek. A nagyterem színházszerű ültetéssel 60 főre alkalmas, míg kistermünkben széksorosan 25, U-alakban 15 főt tudunk elhelyezni. Felszerelés: Flip- chart, projektor, vetítővászon, hangosítás. A konferencia résztvevőinek étkezéseit és kávészüneteit külön helyiségben, illetve a kertben bonyolítjuk le.\n','NYARALO',47.486425494648,19.007656574249,'Hotel Walzer Budapest','1124','Németvölgyi út 110'),(13,7.4,'Budapest','Központi elhelyezkedés Budapesti hotelünk a város szívében, Oktogon mellett helyezkedik el, a Világörökség részét képező Andrássy út mentén. A környéken számos szórakozóhely, bár, étterem, kávézó és bevásárlóközpont megtalálható. Vendégeink a kulturális központban szállhatnak meg, mivel a legtöbb színház Budapest belvárosában, szállodánk környékén található.\nA szállodáról A tíz emeletes Medos Hotel*** a 70-es években épült, mai napig védett épületként gazdagítja Budapest városképét. Megépülés óta a szálloda először 2013-ban került felújításra, majd a 2017-ben újabb rekonstrukció vette kezdetét, melynek következtében 2018 elején 46 új típusú Superior szobával bővült.\nSzobáinkról Budapesti 120 szobás Medos Hotel*** vendégei kedvükre válogathatnak kilenc kategória közül. Élvezzék új építésű Superior szobáink kényelmét, Jókai térre néző balkonos szobáink kilátását, a tizedik emeleti apartmanok csodás panorámáját, vagy foglalják legkedvezőbb árú Economy szobáinkat!\nKözeli látnivalók Budapest nevezetességei is hotelünk közvetlen közelében vannak, mint például: Parlament, Hősök tere, Széchenyi Gyógyfürdő, Budapesti Állat- és Növénykert, Városliget, Operaház, Szent István-Bazilika, Széchenyi Lánchíd, Erzsébet tér.\nMegközelítés A Medos Hotel*** rendkívül jól megközelíthető tömegközlekedéssel, ugyanis az 1-es metró (kis földalatti) és a 4-es 6-os villamos is megáll a 2 perc sétára található Oktogonon.\n','PANZIO',47.5053532,19.0612892,'Medos Hotel Budapest','1061','Jókai tér 9'),(14,7.9,'Budapest','A West City Apartment Budapest Belvároshoz közel, néhány percre a Westend City Center bevásárlóközponttól, és a Nyugati pályaudvartól biztonságos környezetben található. A szálláshelyről sétával, autóval vagy tömegközlekedéssel könnyen és gyorsan elérhető A Parlament, Szent István Bazilika és Budapest látványosságai, főbb kultúrális és szórakozó negydei. A West City apartman jól felszerelt szobákkal várja vendégeit. A légkondicionált apartmanokhoz LED TV, saját fürdőszoba, teakonyha főzési lehetőséggel, hűtőszekrénnyel, mikróval és ingyenes WIFI szolgáltatással áll a vendégek rendelkezésére. Minden szolgáltatás 150-200 méteren belül elérhető. Élelmiszer, gyümölcs, étterem, fodrász és gyógyszertár.\n','HOSTEL',47.5183054,19.0558265,'West City Apartments Budapest','1132','Victor Hugo utca 25-27'),(15,8.8,'Budapest','Passzió Panzió Budapest zöldövezetében a XIV.kerületben Zuglóban várja kedves vendégeit.Könnyen megközelíthető a belvárostól az M3 autópályától és a Hungexpo Vásárközponttól.\nSzobáinkban kényelemre lelnek, akár pihenés akár munka céljából érkeznek a családias hangulatú szálláshelyre. Minden szoba saját fürdőszobával, rádióval, síkképernyős televízióval, ventilátoros csillárral felszerelt. 2 szobához erkély is tartozik. A panzió szobáinak többségében van hűtőszekrény.Hajszárító a recepción igényelhető.\nDíjmentes wifi használat és zárt autóparkolás biztosított. 24 órás recepció szolgálat,mosodai szolgáltatás áll Vendégeink rendelkezésére.\nSvédasztalos reggelit 7.00-10.00 óra között szolgálunk fel, korábbi időpontra a recepción egyeztetni lehet vagy kérés esetén csomagot biztosítunk.\nBankkártyákat elfogadunk:Visa ,Mastercard, American Express. OTP, K&H, MKB SZÉP Kártyát, HVG Klubkártyát. Szép Kártyával csak a helyszínen tudnak fizetni, előre utalás ezekkel a kártyákkal nem lehetséges. Gyermekeknek 5 éves korig nem számítunk fel költséget. Csoportos foglalás esetén előleget kérünk a vendégeinktől. Közelben strand, teniszpálya, gyógyfürdő található. Jól megközelíthető : Sportaréna, Stadionok, Városliget. Ajánlott útvonal autóval: Erzsébet híd - Rákóczi út-Thököly út-Csömöri útról elfordulni jobbra a Cinkotai útra s majd a Cinkotai útról balra kanyarodni a Zoborhegy utcába.A panzió srégen található a Regnum Marianum templommal. Tömegközlekedéssel: Ferenciek terétől (Erzsébet híd) a 8 E,108 E vagy a 7-es busszal a Csömöri - Cinkotai utca sarkán kell leszállni,onnan a Cinkotai utcán a Zoborhegy utcáig kell sétálni. Metróval(M2) a Stadionok megállóig és onnan a 77-es trolibusszal a Rákosmezei tér(Egressy - Cinkotai u. sarkon kell leszállni). Éjszakai busszal 979 számú a belvárosból a Csömöri-Cinkotai útig kell utazni, onnan a Cinkotai útról balra kell kanyarodni a Zoborhegy utcába. sarkon balra kell fordulni s a Regnum Marianum templommal srégen található a panzió.\n','NYARALO',47.526025488081,19.131853580475,'Passzió Panzió Budapest','1141','Zoborhegy utca 34/b.'),(16,5.9,'Budapest','Tisztelt Vendégeink!\nVárjuk Önöket szeretettel az év 365 napján Zugló kertvárosi részén elhelyezkedő panziónkba.\nTöbbfajta szobatípusunk is van: Franciaágyas: 4 db Kétágyas: 9 db Háromágyas: 2 db Apartman: 1 db Egyágyas: 1 db\n-A szálloda egész területén nagysebességű WiFi kapcsolat van, amelynek használata ingyenes a szálloda összes Vendégének! -Minden szobánk saját fürdőszobával rendelkezik, fekvőkádas és zuhánytálcás fürdőszobáink is egyaránt vannak! -Az összes szobánkban síkképernyős tv található nagy csatorna választékkal! -Több szobánk légkondícionálóval ellátott, viszont néhány szobába nem található, ha igényt tartanak a légkondícionálóra legyenek szívesek jelezni! -Panziónk mellett közvetlen található: zöldséges(20m), cba(30m), buszmegálló(100m) -A belváros könnyen megközelíthető autóval(15p),és tömegközlekedéssel is egyaránt(30p)\n','NYARALO',47.5206426,19.1413628,'Fortuna Panzió Budapest','1141','Cinkotai utca 86.'),(17,8.7,'Budapest','A Hotel Papillon Budapest legszebb részén csendes, nyugodt környezetben a Rózsadombon található, csak néhány percnyire a város központjától és gyalogosan 10 percre a Budai Vártól.\nA családias jellegű hotel 30 szobája és apartmanjai 70 fő elszállásolására alkalmas (20 darab kétágyas, 3 darab egyágyas, 4 darab háromágyas és 3 darab négyágyas elosztásban) A szobák igény szerint pótágyazhatóak. A szálloda tetején lévő teraszunkról és panoráma apartmanunk balkonjáról csodálatos kilátás nyílik a városra. Kerthelyiségünkben nyitott grill, kerti medence, napozó ágyak teszik kellemesebbé az itt eltöltött napokat. A barátságos hangulatról az udvarias és segítőkész személyzet gondoskodik.\nA város legszebb és leghíresebb nevezetességei (pl. Parlament, Budai Vár, Margit sziget, termálfürdők stb.) könnyen és gyorsan elérhetőek tőlünk, akár gyalogosan is.\n','NYARALO',47.513548626282,19.030702114105,'Hotel Papillon Budapest','1024','Rózsahegy utca 3/b'),(18,8.3,'Budapest','A lakás egy minimal stílusban berendezett, 70nm-es, 2 nagy hálószobás és egy amerikai konyhás nappali elosztásban biztosítja a kényelmet. A parkolás mélygarázsban biztosított(2000Ft/nap). Pest központjában található, a város fő nevezetességei egy karnyújtásnyira találhatók (Városliget, Hősök tere, Szécheny fürdő, Terror háza, Váci utca, Aréna plàza, West end city center, Gozsdu udvar stb...) az utcában számos kisbolt megtalálható, kávézók, Mcdonalds, KFC, Burger king, tehát egy igazán jó infrastruktúrájú helyen van! A képek magukért beszélnek! Tehát ha szeretne egy igazi luxus lakàsban élvezni Budapest szépségét, ne habozzon! Foglaljon! :)\n','PANZIO',47.5017917,19.0816031,'Mini-mal Apartman Budapest','1076','Garay utca 22'),(19,8.4,'Budapest','A Hotel*** Bobbio Budapest egyik legszebb hegyekkel övezett zöldövezeti részén, a XII. kerületben található. Szállodánk Buda belvárosától gépkocsival alig 5 perc alatt elérhető az Istenhegyi vagy a Kútvölgyi út felől, illetve megközelíthető a Moszkva térről induló 155-ös autóbusszal is.\nA szobák és a hozzájuk tartozó fürdőszobák, a 2006-os felújítást követően, teljesen megújultak. Éttermünk barátságosabbá, hangulatosabbá és rendezvények lebonyolítására még inkább alkalmassá vált, szobáink egy része légkondicionált.\nSzállodánkban internet terminál és WiFi HotSpot áll vendégeink rendelkezésére. A családdal, gyermekekkel érkezőket gyermekbarát szolgáltatásokkal (babaágy, etetőszék) várjuk!\nSzállodánk 50 fő kényelmes elhelyezésére kínál lehetőséget természetközeli, családias hangulatban. A házban 17 kétágyas és 3 háromágyas szoba, valamint 2 apartman található. Apartmanjaink három felnőtt, vagy két felnőtt és két gyermek számára is megfelelő teret biztosítanak. Szobáink mindegyike zuhanyzós fürdőszobával, telefonnal, színes televízióval, minibárral felszerelt, illetve mindegyikben ingyenesen vezeték nélküli internet elérést is biztosítunk.\nA szobák erkélyéről, a zsalugáteres, boltíves ablakokból - melyek kivétel nélkül a szálloda szépen gondozott, örökzöldekkel beültetett kertjére néznek - a budai hegyvidék gyönyörű panorámájában is gyönyörködhetnek vendégeink.\nA kertben kamerával megfigyelt gépkocsiparkoló áll rendelkezésre, melyet vendégeink térítésmentesen használhatnak.\n','APARTMAN',47.5097967,18.9797199,'Bobbio Hotel Budapest','1121','Béla király út 47.'),(20,8.6,'Budapest','Kedves Vendégeink!\nÚjabb négycsillagos szálloda Budapest szívében ideális helyszín azon vendégeink számára, akik üzleti céllal, vagy szabadidejük eltöltésére érkeznek fővárosunkba. A szálloda Budapest megannyi látványosságához közel épült. A Városliget, a Hősök tere, továbbá fővárosunk egyik ékessége - a századforduló építészeti remekeit felvonultató - Andrássy út egy könnyű sétával elérhető.\nA Lion‘s Garden Hotel szolgáltatásainak színvonala tekintetében besorolásánál magasabb kategóriát képvisel, melynek belső terei már első látásra elbűvölőek. Az elegáns és ízléses 107 szoba és lakosztály berendezése ugyancsak kiváló stílusérzékről tanúskodik. A szálloda a XXI. század szakmai kihívásainak úgy tesz eleget, hogy egyszersmind családias hangulatot áraszt.\nSzobáink minden igényt kielégítően felszereltek, mindhez fürdőszoba tartozik káddal vagy zuhanykabinnal, hajszárítóval, sminktükörrel felszerelve. Minibár, szatelit TV, Pay TV, vezetékes internet szolgáltatás, telefon, íróasztal, olvasólámpa, rádió, ébresztő óra, légkondicionálás és elektromos széf szolgálja vendégeink kényelmét.\nA kulináris élvezetekről a mediterrán ihletésű nemzetközi specialitásokat kínáló konyhánk és éttermünk gondoskodik. Nyáron üzemelő kerthelyiségünk hangulatos környezetet biztosít délutáni teázáshoz, meghitt vacsorához, kedélyes borozgatáshoz.\n','APARTMAN',47.505671170176,19.09075140953,'Lion\'s Garden Hotel Budapest','1146','Cházár András utca 4'),(21,8.8,'Budapest','Városnézőknek, túrázóknak, pihenni vágyóknak ideális\nAz Ani Apartman egy barátságos kis 2 szobás, 4 ágyas apartman, Budapest egyik legzöldebb kerületében, a II. kerületben. A lakás egy csendes 6 lakásos társasház egyik 65 nm-es lakása, king size ágyas (180x210) hálószobával, nappalival, fürdőkádas fürdőszobával, komplett konyhával, dolgozó sarokkal és egy nagy erkéllyel, mely az Apáti sziklára és az épület mögötti zöld kertre néz. A konyha teljesen komplett, nagyobb főzésre, család ellátására is alkalmas. Vízforraló, kenyérpirító, szendvicssütő, mikró van. A fürdőszobában mosógép is van.\nA kerten belül INGYENES SZEMÉLYGÉPKOCSI beállási lehetőség, igény esetén. Nagyobb autó, kisteherautó, platós, mikrobusz, utánfutós autó beállására nincs lehetőség!\nMajdnem szemben benzinkút és 0-24 Spar Shop van. A kút előtt van a buszmegálló, amivel Óbudára, a Szentlélek térre lehet eljutni. (Szemlő-hegyi barlang). 5 perc sétára étterem, CBA, tisztító, állatorvos és pizzéria is elérhető, 10 percre gyalog pedig Stop Shop és Lidl. 56/A jelű villamossal a Hűvösvölgyből a Széll Kálmán téren lehet 20 perc alatt lenni. (Vár, Halászbástya, Fogaskerekű-Normafa, Libegő - Zugliget-János-hegy) A Gyermekvasút a Hűvösvölgyből indul. Auchan a Hűvösvölgyből akár busszal is elérhető.\nBabával érkezők esetén, ha jelzik előre kiságyat, játszószőnyeget, cumisüveg melegítőt, akár még légzésfigyelőt is tudunk biztosítani.\nA lakás alkalmas mindazoknak, akik pihenni, túristáskodni jönnek a városba, de \"hazaérve\" a lakásba lepihenve nem a város zaját akarják hallgatni \"éjjeli muzsikául\" és nem a város \"illatát\" akarják magukba szívni éjszakánként.\nElőzetes jelzés esetén kutyás vendégeinket is szeretettel fogadjuk. Mindössze 5 perc sétára két erdő is elérhető. A kutyaürülékes zacskó használata a kertben is kötelező.\nVendégeinket a szezonhoz illő frissítővel és egy kis ropogtatni valóval szoktuk fogadni, ami a nyári kánikulában egy behűtött sör, vagy a téli hidegekben vörösbor is lehet...\nKülönleges kérés esetén tudunk készülni virágycsokorral, színházjeggyel, városnéző hajókázással, vagy programszervezésben is segíthetünk.\nSzeretettel várunk minden kedves Vendéget!\n','NYARALO',47.5342143,18.9749642,'Ani Apartman Budapest','1021','Hüvösvölgyi út 157.'),(22,8,'Budapest','Szállodánk 24 apartmannal és 95 kétágyas zuhanyzós, LCD TV-vel, telefonnal, hűtőszekrénnyel, Internet lehetőséggel felszerelt szobákkal rendelkezik. 12 emeletes magasságával távolról is jó tájékozódási pont. Minden szoba és vendégtér légkondicionált. A dohányozók számára külön kijelölt területet biztosítottunk. Konyhánk magyaros jellegű ételkülönlegességekkel csábítja a kulináris élvezetek kedvelőit. Éttermünk 100 fős; különtermünk 70 fős rendezvények lebonyolítására nyújt kedvező feltételeket. A félpanziót legtöbb esetben ebéddel, alkalmanként vacsorával tudjuk biztosítani. Előzetes egyeztetés szükséges! Két kertre néző, fedett terasz szolgál a vendégek meghitt, gondtalan időtöltésére. Őrzött, kamerával ellátott parkoló biztosítja a buszok, személyautók biztonságos parkolását. Újdonságként említenénk a recepció melletti Drink bárt, valamint Fitness-Wellness részlegünket, mely uszodát, jakuzzit, finn-és infraszaunát, merülő medencét, zuhanyzókat foglal magában szállóvendégek részére. Szállodánk megközelíthető az Örs Vezér tér felöl 3-as és 62-es villamossal és 32-es autóbusszal. A városközpontból a 7-es, 173-as autóbusz végállomásától (Bosnyák tér) alig 10 perc séta. A földalatti Mexikói úti végállomásától 3-as villamossal.\n','NYARALO',47.521729203382,19.103564143225,'Hotel Zugló Budapest','1149','Nagy Lajos kir útja 202-204.'),(23,9,'Budapest','Vitta Hotel Superior Budapest Újpesten a külső Váci úton található a 4. kerületben, a Duna Plaza és az Aquaworld fürdő komplexum közelében, mindössze 15 percnyire a városközponttól. Autóval érkező Vendégeinket ingyenes, kamerával megfigyelt nyitott parkolóval várjuk! Szállodánk minőségi szobáival és személyre szabott szolgáltatásaival, egészen új megvilágításba kívánja helyezni kategóriáját! Fő küldetésünk, hogy bebizonyítsuk: minőség és elérhető árak jól megférnek egymás mellett! A legújabb trendeknek megfelelően berendezett szobáink és deluxe-lakosztályaink atmoszférája egyedi impulzusokkal tölti meg a rohanó élet hétköznapjait. Belsőépítészeti igényességgel kialakított, több funkciós rendezvénytermeink remekül szolgálhatnak akár céges, akár magánrendezvények lebonyolítására. Kisebb összejövetelekhez ajánljuk reprezentatív Lounge-unkat, ahol kötetlenebb hangulatban, akár egy borkóstoló keretein belül szervezhet találkozókat. Érkezzen akár üzleti ügyben, akár szabadidős céllal, családias hangulatú szállodánkban hamar otthonra lel!\n','APARTMAN',47.5663349,19.0795558,'Vitta Hotel Superior Budapest','1047','Váci út 27-29.'),(24,9.3,'Budapest','Nyugati pályaudvartól 2 percre elhelyezkedő Diamond Apartments szálláshelye modern apartmanokkal várja kedves vendégeit. Teljesen felszerelt konyha, síkképernyős TV és ingyenes Wi-Fi szolgáltatás várja az ide érkezőket.\nValamennyi légkondicionált apartman parkettával, fürdőszobával, valamint mosogatógéppel és teafőzővel felszerelt konyhával rendelkezik. Egyes szobákhoz erkély vagy a padlótól a mennyezetig érő ablakok tartoznak.\nFelár ellenében repülőtéri transzfert vagy mélygarázsban parkoló is foglalható. A szálláshely közvetlen közelében számos étterem, üzlet és kávézó várja az ide érkezőket, az 1 perc sétára található budapesti Nagykörúton közlekedő 4-es vagy 6-os villamossal pedig eljuthat a város többi részére is. A kulcsot a főrecepción lehet felvenni (Bp 1061 Paulay Ede utca 65.) a nap 24 órájában , amely pár perc sétára található.\n','HOSTEL',47.5088,19.0607549,'Diamond Apartments Budapest','1067','Eötvös utca 41/A'),(25,9.2,'Budapest','Az Agape Apartments Budapest 35 modern apartmant kínál vendégeinek Budapest belvárosában.\nAz apartmanok a pesti oldalon találhatók, nagyon közel az Erzsébet körúthoz. Kiváló tömegközlekedési lehetőségek vannak 200 méteren belül.\nKedvező fekvése miatt ideális szálláshely az ide látogató külföldiek és belföldiek részére, hiszen rengeteg látnivaló az apartmanok közvetlen közelében helyezkedik el, mint például a New York kávéház, az Operaház, a Zsinagóga. Emellett sok étterem, üzlet, klub várja a vendégeket.\n-------------------------------------------------------------------------------------------------\nApartman típusok:\nSTÚDIÓ (35 nm): 1 szoba, felszerelt konyha, fürdőszoba, max. 3 főnek\nSTÚDIÓ ERKÉLLYEL (38 nm): stúdió felszereltség + erkély\nSUPERIOR STÚDIÓ: stúdió felszereltség + mosógép mosószerrel, kapszulás kávégép ingyen kávézási lehetőséggel + légkondicionált\nSUPERIOR STÚDIÓ ERKÉLLYEL: superior stúdió felszereltség + erkély\n1 HÁLÓSZOBÁS APARTMAN (45 nm): nappali, hálószoba, felszerelt konyha, fürdőszoba, max. 5 főnek\n2 HÁLÓSZOBÁS APARTMAN (65 nm): nappali, 2 hálószoba, felszerelt konyha, fürdőszoba, max. 6 főnek\n-------------------------------------------------------------------------------------------------\nRecepció 0-24\n1072 Budapest, Akácfa utca 12-14. 1/111.\nTöbb nyelven beszélő, bartáságos személyzetünk szívesen áll rendelkezésükre városnézések, vidéki programok szervezésében, vagy bármilyen turista-információs kérdés esetén.\nWIFI internet ingyen elérhető az egész épületben.\nParkolás 15 Euro / nap / autó\nREGGELI 8 Euro / fő a ház közelében lévő étteremben\nReptéri transzfer 28 Euro / autó\nGPS: 47°29\'53\' 19°04\'05\'\nParkoló kártya kaució: 20 EUR / kártya; kulcs kaució: 20 EUR / kulcs.\n','APARTMAN',47.498183954727,19.068102836609,'Agape Apartments Budapest','1072','Akácfa utca utca 12-14'),(26,8.8,'Budapest','A kertre néző Laky Apartman szállása Budapesten, a Városligettől, a Széchenyi gyógyfürdőtől és a Budapesti Állatkerttől 15 percre található. A wifi díjmentes.\nAz apartmanhoz 1 hálószoba, felszerelt konyha, valamint káddal vagy zuhanyzóval és ingyenes piperecikkekkel ellátott fürdőszoba tartozik. Síkképernyős TV is rendelkezésre áll. Törölköző és ágynemű biztosított.\nA Dohány utcai zsinagóga 3,9 km-re, míg a Szent István-bazilika 4,1 km-re helyezkedik el. A legközelebbi repülőtér a 15 km-re lévő Budapest Liszt Ferenc repülőtér.\nÓváros, Városlátogatás és Műemlékek a javából! Nem csoda, hogy Zugló, Budapest XIV. kerülete az utazók kedvence.\nA szálláson magyarul is beszélnek!\n','NYARALO',47.5156842,19.103586242869,'Laky Apartman Budapest','1145','Laky Adolf utca 9.'),(27,9.4,'Budapest','Csendes, kényelmes, légkondicionált ( napi térítés ellenében 1500 Huf / nap) apartmanjainkkal Budapest központjában ,a Nyugati Pályaudvar és a West and City közelében a Margitszigettel szemben, várjuk kedves vendégeinket! 2 és 3 ágyas kis garzonjaink konyhasarokkal, felszereltek, a wifi ingyenes a szobákban és a halban is. A szállás a belvárosba vezető 3-as metróvonal közelében, a városközponttól mindössze 2 megállóra, vagy rövid sétára található. Parkolás zárt udvaron, 2000.-Huf/éj. Lakásonként 1 kisállat vihető be, térités ellenében. Egyes foglalások esetében előleg kérhető.\n','APARTMAN',47.518111916825,19.056062084656,'Peter\'s Apartments Budapest','1132','XIII. kerület Victor Hugo u. 25-27'),(28,7.4,'Budapest','A Budapest belvárosában található Hotel President tökéletes választás lehet üzleti vendégek, valamint kikapcsolódásra vágyó vendégek számára egyaránt. A felújított, műemlékvédelem alatt álló épület szállodaként 2009-ben nyitotta meg kapuit. A szálloda 109 elegánsan berendezett szobája kellemes pihenést nyújt vendégei számára, professzionális személyzet magas szintű kiszolgáltatással biztosítja a vendégek zavartalan időtöltését. A Hotel President összesen 300 résztvevő befogadására képes konferencia- és tárgyalótermei tökéletes helyszínt kínálnak rendezvények lebonyolításához, a szálloda éttermeiben a vendégek a magyar és nemzetközi konyhai fogásainak széles kínálatából válogathatnak.\n','PANZIO',47.503794030592,19.052910804749,'Hotel President Budapest','1054','Hold utca 3-5.'),(29,6.6,'Budapest','Stop & Sleep akció feltételei: -A szállás maximum egy éjszakára vehető igénybe. -A szoba átvétele (check in): 20 órától -A szoba átadása (check out): 8 óráig -A kedvezményes ár pénteken és szombaton nem vehető igénybe. -Érkezés napján, délelőtt telefonos megerősítés szükséges.\nIgényes Vendégházunkban \'Stop & Sleep\' szolgáltatást kínálunk.\nAzon kedves Vendégeinknek ajánljuk a szálláshelyet, akik átutazóban vannak és egy éjszakára szeretnének megpihenni egy igényes Vendégházban, szép környezetben, hogy másnap kipihenten, frissen folytathassák az útjukat.\nKorábbi check in, illetve későbbi check out igény esetén kérje egyedi árajánlatunkat.\nAmi miatt érdemes mellettünk döntenie: -Legkedvezőbb árú szálláshely Budapesten, kiváló ár-érték arány -Télen nagyon kellemes meleg hőmérséklet (télen meleg hőmérséklet garancia), nyáron kellemes hűs a szobákban -Igényes, újszerű, saját fürdőszobával rendelkező szobák, masszív tömörfa franciaágy, kényelmes matracok, friss, pamut ágynemű -Hidromasszázs zuhanykabin -számos, népszerű csatornával rendelkező LED televízió -WiFi használat a szobákban és a recepció épületében térítésmentesen -Budapesten központi helyen, mégis patak által határolt zöld környezetben -Makulátlan tisztaság -Ingyenes parkolás a kertben, igény szerint ingyenes budapesti információs anyag -Kiváló tömegközlekedés - Örs vezér tér metrómegálló pár perc séta (vagy a 44-es, vagy a 45 -ös , vagy a 176E busz az Örs vezér terétől. A megközelíthetőségről bővebb információt az oldal alján talál.) -Bőséges villásreggeli 1.200 Ft / fő, 3 fogásos ebéd vagy vacsora 1.500 Ft/fő Ebéd és vacsora esetében több menü közül szabadon választható egy leves + egy főétel + egy desszert (Ez egy kedvezményes ár, amit a szomszédban található CEU Konferenciaközpont éttermében vehetnek igénybe a vendégeink.) -Kedves, segítőkész, vendégorientált személyzet -Nem kérünk sem előleget, sem foglalót, sem kauciót, nincs rejtett, illetve extra költség. -Tisztelet és vendégszeretet\nIdegenforgalmi adó (IFA) 18 év feletti személyek részére: + 300 Ft / fő / éj\nIGÉNYES SZÁLLÁSHELY KEDVEZŐ ÁRON BUDAPESTEN! EGYSZERŰ ÉS NAGYSZERŰ!\nKEDVEZŐ ÁR - MINŐSÉG\n×××××××××××××××××××××××××××××××××××××××××××××××××××××××××××××××××××××××××××××××××××××××\nMEKÖZELÍTHETŐSÉG\n-Autóval: Az Örs vezér tere és a szálláshely között a távolság 1,5 km. Az Örs vezér teréről kérem induljon el Gödöllő irányába a Kerepesi úton, a HÉV-vel párhuzamosan. Miután jobb kéz felől elhagyta az OMV benzinkutat és a McDonald\'s gyorséttermet, a vasúti felüljáró után rögtön forduljon jobbra. A Pilisi utca sarkáról már látni fogja a recepció tetején a CAMPING feliratot, itt találja a bejáratot.\n-Tömegközlekedéssel: Az Örs vezér tere az M2 (piros metró) végállomása. Kérem szálljon fel az Örs vezér terén, az Árkád Bevásárlóközpont elől induló 44-es, 45-ös, vagy 176E jelzésű buszok valamelyikére. Ezekre a buszokra nem kell sokat várni, általában 5 percenként közlekednek. Majd egy pár perces buszút után kérem szálljon le az Egyenes utcai lakótelep buszmegállónál (ahol a CEU épülete található). Miután leszállt a buszról, kérem visszafelé induljon el az Örs vezér tere irányába. Itt az első utca balra a Pilisi utca. A saroktól közel 100 m-re található a bejárat, ott, ahol a háztetőn a CAMPING felirat olvasható.\n-Gyalog: Az Örs vezér terétől közel 15 perces séta Gödöllő irányába, a Kerepesi úton, a HÉV vonalán, de a HÉV-vel szemközti oldalon. Kérjük figyelje az út mentén elhelyezett kempinges piktogramot ábrázoló útbaigazító táblákat!\n×××××××××××××××××××××××××××××××××××××××××××××××××××××××××××××××××××××××××××××××××××××××\nKAPCSOLAT\nCím: 1106 (X.) Budapest, Pilisi utca 7.\nN 47° 30’ 15.35’’ E 19° 09’ 30.47’’\nLAT. 47.5042477 LON. 19.1583932\n','SZALLODA',47.504040454288,19.158267974854,'Aréna Kemping & Vendégház Hostel Budapest','1106','Pilisi utca 7.'),(30,6,'Budapest','Üdvözlöm a Csongor Apartmanban! Az Apartman az Árpád híd metrómegállónál található, közel a Dunához, Margitszigethez. Új építésű társasházban, 41nm-es otthonos lakást kínálunk a vendégeink részére a következő felszereltséggel: 1 hálószoba franciaággyal, 1 kihúzható ágyazható kanapé a nappaliban, teljesen felszerelt konyha, fürdőkádas fürdőszoba, klíma, wifi, műholdas tévé, közös kert kis játszótérrel, ingyenes parkolás házon belül 1 autó számára.\n','SZALLODA',47.5326645,19.0702489,'Csongor Apartman Budapest','1139','Csongor utca 7/b 7/72'),(31,8.2,'Budapest','Szállodánk a Hotel City Inn**** Budapest újépítésű, kibővített, modern, belvárosi szállodája Ferihegyi repülőtérre vezető út mentén a főváros új központjában, a Corvin sétányon üzletekkel, éttermekkel körbevéve, a Life1 Wellness központ szomszédságában található. Ez a terület a magyar főváros egyik rohamosan fejlődő körzetéhez tartozik, ahol az üzleti, és a szórakozási lehetőségek köre egyre szélesebb. (Corvin sétány) A szálloda központi elhelyezkedése miatt a városközpont, több múzeum és látványosság is elérhető néhány perces sétával. A legközelebbi metrómegálló és a főváros legforgalmasabb villamosjárata (4-6) 200 méterre található. (Ferenc körút)\n2011 év elején megnyílt új superior szárny mellett a frissen felújított modern épületrészben várjuk Kedves Vendégeinket. A szolgáltatások úgy kerültek kialakítva, hogy azok az otthon kényelmét biztosítsák vendégeink számára, akár szabadidejüket szeretnék eltölteni, akár üzleti céllal érkeznek hozzánk. 24 órás recepcióval, konferenciateremmel, business sarokkal, non-stop bárral várjuk a szállodánkat megtisztelő utazókat. Autóval érkező vendégeink díjazás ellenében őrzött és zárt parkolóházban tudhatják járművüket biztonságban. Szaunával felszerelt wellness részlegünk napozóterasszal térítés ellenében fogadja a felfrissülni vágyókat. Teljes egészében akadálymentesített szállodánkban és speciálisan kiépített szobáinkban szeretettel várjuk mozgáskorlátozott vendégeinket is. Parkosított kertünkben nem csak a város zaja után kikapcsolódni vágyó vendégek érezhetik jól magukat, hanem a fiatal korosztály is örömét lelheti az udvarban kialakított játszótéren. Házi kedvenceket nem fogadunk.\nBarátságos meleg színek, kényelmes bútorok biztosítják a meghitt hangulatot 66 szobánkban.\nFrissen felújított standard szobáinkban minden feltétel adott a kellemes kikapcsolódáshoz. Az otthon kényelmét hajszárító, széf és minibár teszi teljessé.\nElegáns superior típusú szobáinkban a többi szolgáltatás mellett, nagyobb légtér, exkluzív szobabelső és fürdőszoba, extra méretű ágyak (100*210cm, 200*210cm), és lap top méretű széf fogadja vendégeinket, hogy pihenésük a lehető legkényelmesebb legyen.\nRomantic szobáink és apartmanjaink megfelelő háttérként szolgálnak egy romantikus hétvégéhez, de a szobabelsőben kialakított sarokkád nem csak a meghitt percekre vágyó vendégeknek tartogathat felejthetetlen élményeket.\nÖsszenyitható szobáink családoknak vagy akár baráti társaságoknak is biztosítanak saját intim területet úgy, hogy közben igény szerint lehetővé teszi a terek egybenyitását is.\nA szálloda központi elhelyezkedése mind a járművekkel, mind a tömegközlekedéssel érkezők számára ideális megoldást biztosít. Akár az autópályák felől (M3, M1, M7, M5), akár a Ferihegyi Repülőtérről egyszerűen és gyorsan megközelíthető.\n','NYARALO',47.485250953905,19.074325561524,'Hotel City Inn Budapest','1082','Futó utca 55'),(32,9.6,'Budapest','Ideális családoknak is.\nBelváros szívében, de nyugodt, csendes környezetben található, igényes, otthonos apartman. Igényesen felszerelt szálláshely. (Wi-fi, hajszárító, konyhaeszközök, TV, kávé stb.) Fiatal, vagy idősebb, meszállni/pihenni vágyók, mind a turisztikai látványosságokra kíváncsi családok, illetve egyének számára, ideális. Innen, könnyen megközelíthető, a város bármely pontja. Legtöbb étterem, szórakozóhely, söröző, nevezetesség, vásárló utca ezen a környéken, sétával elérhető, itt található.\n','APARTMAN',47.4292085,19.0814274,'Danube Stone Apartman Budapest','1051','Sas utca 9. 2/2'),(33,8.8,'Budapest','Töltsön el egy felejthetetlen hosszú hétvégét a Budai Várnegyed szívében! A reggeli kávéját a kis intim kertre néző erkélyen fogyaszthatja vagy tetszés szerint a félköríves nappali kertre néző sarkában. A Budai Várnegyed minden csodája és nevezetessége 5-10 perc gyalogos sétára található, valamint a közelben megtalálhatók a magyaros - akár éjjel-nappali működésben is - illetve gourmet éttermek bőséges választéka. A hely tökéletes tömegközlekedés ellátottsága révén a kikapcsolódást lehetővé tévő helyek, fürdők, wellness, bevásárlóközpontok könnyen elérhetők. Érdemes egy tematikus sétát tenni a Budai Vár nem csak legfőbb turisztikai attrakciói, hanem a kevésbé feltűnő, de több évszázados értékeket hordozó épületek, látnivalók után kutatva.\nAz apartman egy hangulatos erkélyre nyíló hálószobával, konyhával, nappalival és fürdőszobával rendelkezik. A lakás a lehető legtöbb alapfelszereléssel rendelkezik konyha tekintetében, ezen kívül nagyon gyors internet, okostévé YouTube, NetFlix, valamint böngésző funkciókkal.\nReméljük, hogy ittlétük alatt igazi kikapcsolódást tapasztalhatnak meg, a környék nyugalma és miliője erre lehetőséget nyújt.\n','APARTMAN',47.500659275278,19.030407071114,'Logodi 27 Apartman Budapest','1012','Logodi utca 27b'),(34,8.7,'Budapest','A főváros szívében, a Nagy Ignác utcában található Hotel Marmara a kelet varázslatos világába csábítja vendégeit. Szállodánkban garantáltan megtalálja számításait, akár hosszabb időre, pár napos üzleti útra, vagy csak egy hosszú hétvégére érkezik hozzánk.\nNyugalomra vágyik a nagyvárosi forgatagban? Jó helyen jár...\nHarmónia, kényelem, elegancia, az otthon melege – mindez elmondható szobáink hangulatáról. 93 egy-, illetve kétágyas, egybenyitható standard, és kétágyas balkonos superior szobákat kínálunk, emellett lakosztály áll vendégeink rendelkezésére.\nKényelem minden részletében...\nNem csak kikapcsolódásához, hanem zavartalan munkavégzéséhez is szeretnénk Önnek a legtöbbet nyújtani. Szállodánk területén biztosított a szélessávú korlátlan internetelérés, emellett 24 órás portaszolgálat és business center áll vendégeink rendelkezésére.\n','APARTMAN',47.5107003,19.0531462,'Marmara Hotel Budapest','1055','Nagy Ignác utca 21.'),(35,9.8,'Budapest','A House Octogon szálláshely Budapesten, az Oktogon metró- és villamosmegállótól mindössze 150 méterre található. A Liszt Ferenc tér számos bárja és étterme 300 méterre, a Nagymező utca romkocsmái pedig 600 méterre várják a vendégeket. A wifi-hozzáférés ingyenes. A bejelentkezés 9 óráig lehetséges, este 9 órától amennyiben meg tudjuk oldani, 3000 forint ellenében lehetséges.\n','HOSTEL',47.505671170177,19.065168499947,'House Octogon Budapest','1063','Eötvös utca 11/A.'),(36,7.6,'Budapest','Az OTP Bank Oktatási- és Szabadidős Központja Budapest III. kerületében, a Duna partján helyezkedik el. A létesítmény közel egy hektáros parkja medencéivel - amelyek június 01-től augusztus 31-ig üzemelnek - és sportpályáival a szabadidős tevékenységek számára kínál kellemes környezetet, míg központi épülete az oktatások, konferenciák, céges rendezvények, esküvők kedvelt színhelye. Budapest központja gépjárművel és tömegközlekedéssel egyaránt gyorsan elérhető anélkül, hogy a gondtalan pihenést a város zaja zavarná. A Dunakanyar gyöngyszemei (Szentendre, Visegrád, Esztergom) szinte a szomszédban várják látogatóinkat.\n','SZALLODA',47.5867249,19.0652055,'OTP Hotel Budapest','1039','Királyok útja 309-311.'),(37,7.4,'Budapest','Budapest forgatagában megtalálta a béke szigetét! Mindössze 15 percre Budapest nyüzsgő mindennapjaitól a Budai hegyek ölében, megtalálja a felüdüléshez, kikapcsolódáshoz legmegfelelőbb szállodát. A hotel Tiliana 3 hektáros park közepén található, jellegét illetően felejthetetlen és egyedülálló Budapesten és vonzáskörzetében. Szállodánk modern, exclusive kialakítású szobákkal rendelkezik, Etalon éttermünk helyi és nemzetközi ételeket kínál, Drink bárunk a késő esti órákban tart nyitva. Erdős parkunk számos meglepetéssel, játék lehetőséggel várja legkisebb vendégeinket. A kültéri medencével - amely 2019. július 1-jétől áll Vendégeink rendelkezésére - felejthetetlen nyaralásban lesz része a gyermekeknek. Wellness részlegünk, ahol egy beltéri élménymedence, cardio szoba, masszázs és infraszauna várja a felfrissülni vágyókat, 2019 október második felétől vendégeink rendelkezésére áll.\n2019. januárjában átadott konferencia-szárnyunk egy 80 és egy 40 nm-es, modern hang- és vetítéstechnikával felszerelt, természetes fényű konferenciatermünkkel várja a vállalati és privát rendezvényeket. Helyszín-kínálatunk 2019. májusában egy 125 nm-es, külön épületben álló, vintage stílusú rendezvényteremmel bővült.\nGarantáljuk a felejthetetlen budapesti élményeket!\n','PANZIO',47.521283615775,18.973351120949,'The Hotel Unforgettable Hotel Tiliana by Homoky Hotels & Spa','1021','Hárshegyi út 1-3.'),(38,9.1,'Budapest','Megnyílt Budapest repülőtéri szállodája, amely 110 szobával, konferencia termekkel, tárgyalókkal, non-stop étteremmel, kávézóval várja üzleti, és egyéni utazókat egyaránt.\nSzállodánk Budapest Ferihegyi Reptér mindkét termináljától (1 és 2A/2B) valamint az M0-ás autópálya vecsési leágazójától 2,5 km-re, az újonnan épült Airport Business Parkkal szemben található, mindössze 20 percre Budapest központjától.\n150 m2-en kínálunk fürdőzési és kikapcsolódási lehetőséget: jakuzzi, szauna, fitnesz-terem áll vendégeink rendelkezésére.\nÉttermünkben alkalom nyílik akár gyors üzleti ebédek, akár elegáns vacsorák, vagy csoportok étkeztetések lebonyolítására. 150 férőhelyes belső éttermünk és 100 fős teraszunk a nap 24 órájában áll a vendégek rendelkezésére.\nA legmodernebb technikával felszerelt, légkondicionált konferenciatermeink ideális helyszínéül szolgálhatnak 20-200 fős üzleti találkozók, konferenciák vagy akár esküvők lebonyolításához.\nSzállodánkhoz 40 férőhelyes garázs valamint 500 férőhelyes parkoló tartozik. Ferihegyi „fapados” Parkoló néven 2005 óta üzemelő parkolónk szállodánkkal üzemeltetési egységet képez, melyben ingyenes reptéri transzfert biztosít.\nNagy örömünkre szolgál, hogy szállodánkban immár fogászati kezelésre is várjuk kedves vendégeinket. A szálloda földszintjén működő Denti Implant Clinic, Budapest egyik legimpozánsabb fogászati centruma minden felmerülő fogászati problémára megoldást kínál!\n','HOSTEL',47.415002696013,19.243511259556,'Airport Hotel Budapest','2220','Lőrinci út 130/A'),(39,7.8,'Budapest','A Classic Hotelben kényelmes szobák várják a pihenni vágyó turistákat, üzletembereket, mindenkit, aki egy csöndes szigetet keres a lüktető nagyvárosban, Budapesten. Szolgáltatásaink:\nLégkondicionált szobák és különterem Garázs Programszervezés Mosoda Parkolási lehetőség Városnézés\nFénymásolás Színházjegy rendelés Gépkocsikölcsönzés Telefax\nSzobák: A tágas, világos és kényelmes szobák nagyobbrészt kétágyasak, de van három- illetve egyágyas kialakítású is. Berendezésük klasszikus stílust követ.\nMinden szobában TV (a helyi kábelhálózat programjaival), kérésre feltöltött minibár, telefon és WIFI (HOTSPOT) internet-csatlakozás tartozik a 3 csillagos kategóriát meghaladó színvonalú berendezéshez. A szobák többségében automata klímaberendezés üzemel.\nSzobáink egy része az átlagosnál nagyobb, tágasabb, úgynevezett Premium szoba.\nValamennyi szobánk - természetesen - fürdőszobás, jórészt kádas, kisebb részben zuhanyozós megoldással.\nIgény szerint, a foglaltság függvényében nemdohányzó szobát is foglalhatnak vendégeink!\nOTP, MKB és K&H Széchenyi Pihenő Kártya (SZÉP Kártya) elfogadóhely.\n','APARTMAN',47.479787387032,19.025666930688,'Classic Hotel Budapest','1118','Zólyomi út 6'),(40,9.4,'Budapest','A Budapest Museum Central egy kicsi, új, ám gyönyörűen berendezett szálláshely Budapest történelmi központjának szívében. Az épület csak néhány lépésnyire található a város fő közigazgatási, üzleti és kulturális negyedeitől; a Váci utca méltán híres bevásárló területétől, a Ráday utcától, mely Budapest egyik leghíresebb sétálóutcája, remek éttermekkel és kávézókkal. A romantikus Duna-part szintén a közelben található, ahol vendégeink elegáns hajókon berendezett éttermeket találhatnak.\nSzálláshelyünk elhelyezkedése és berendezése tökéletes ahhoz, hogy mind üzleti úton lévő vendégeknek, mind pedig kulturális turistáknak kényelmes szállást biztosítson. Minden szoba kellően tágas ahhoz, hogy igény esetén egy pótágyat behelyezve se veszítsen a kényelméből. Valamennyi szoba kábeltelevízióval, 24 órán keresztül ingyenesen elérhető gyors Internetkapcsolattal, telefonnal (helyi hívások ingyenesek), dolgozósarokkal, hangszigetelt ablakokkal, légkondicionálóval, padlófűtéssel, valamint zuhanyzós fürdőszobával és törülközőszárítóval van ellátva. A légkondicionáló és a fűtött padló minden évszakban kellemes környezetet biztosít.\nA Museum Central egy felújított 19. századi épületben helyezkedik el, melynek belső udvaros elrendezése jellemző a múlt század építészetére. A nagy belmagasság és a világos falak kellemes érzést keltenek, mely kimondottan jólesik egy hosszú városnéző-, vagy munkanap után. A hangszigetelt ablakok és szobák által csendes és nyugtató légkört biztosítunk vendégeinknek.\nKonyhával és wellness-káddal felszerelt stúdióink 3 percre találhatóak a főépülettől. Igény esetén ingyenes transzfert biztosítunk a recepciótól.\nKözponti elhelyezkedése miatt a Budapest Museum Central tökéletes szállás lehetőség Budapest gazdag történelmének és kulturális örökségének megismerésére. Szálláshelyünk egyesíti a híres magyar vendéglátást, a modern szolgáltatásokat, a központi elhelyezkedést és a megfizethető árakat, ezáltal tökéletes választás mind a turisták, mind az üzleti célú vendégek számára. Pár szóval jellemezve: kényelem, minőség, elkötelezettség és alacsony árak a központban!\n','PANZIO',47.490602630061,19.061362236771,'Budapest Museum Central','1053','Múzeum körút 39.'),(41,6.7,'Budapest','A Duna Apartmanház Budapest minőségi szálláshelyet biztosít kedvező áron, Budapest szívében. Mindössze 100 méterre a Szent István Bazilikától, egy csendes mellékutcában várják Önt apartmanjaink.\nA Duna Apartmanház Budapest épülete Budapest egyik legszebb utcájában, a Sas utcában áll, nem messze a Deák Ferenc tértől. A Deák Ferenc téri metrómegálló így csak pár perc sétára van, ahol a város három metróvonala is találkozik (M1, M2, M3). Az új M4-es metróvonal Kálvin téri megállója 10 percen belül elérhető tömegközlekedéssel. A közelben sok autóbusz (9, 15, 16, 105, 115, 216, 272, 909, 914, 914A, 916, 930, 931, 950, 950A, 966, 972, 979, 979A), trolibusz (72, 73, 74) és villamos (2, 47, 49) is megáll. A híres Lánchíd lábától számos sétahajós kirándulás indul!\nA budapesti Szent István Bazilika hazánk egyik legszebb, legjelentősebb egyházi és idegenforgalmi nevezetessége, aminek szomszédságában foglalhat nálunk szállást. Ezen kívül karnyújtásnyira fekszik például az Országház, az Erzsébet téri Óriáskerék és a Budai Vár is. Budapest híres gyógyfürdői szintén közel vannak, élvezze Ön is a gyógyfürdők által nyújtott kényeztetést!\nLakásaink jól felszereltek, nagy kényelmet és jó minőségű szállást nyújtanak, mégis megfizethető áron. A tisztaságra különös figyelmet fordítunk. Mindez Budapest központjában, a belváros szívében, a Bazilika mellett!\nLegyen a vendégünk!\n','NYARALO',47.500162770849,19.052578210831,'Duna Apartmanok és Szobák Budapest','1051','Sas utca 9.'),(42,6.9,'Budapest','A Budapest egyik központi részén, az UNESCO által védett Andrássy úttól és a Kodály Körönd metrómegállótól 350 méterre található Six Inn Hotel fürdőszobás szobákkal és egész területén ingyenes Wi-Fi-vel várja vendégeit. A hotel modern szobákat kínál síkképernyős TV-vel, légkondicionálóval és minibárral. Néhány szobához erkély is tartozik. A recepció és lobby bár a nap 24 órájában nyitva tart. A szállodában mindennap 7:00-10:00 között svédasztalos reggelit szolgálnak fel. A kellemes kikapcsolódást belső kert, valamint a felár ellenében használható pezsgőfürdő és szauna is szolgálja. A Széchenyi fürdő és a Hősök tere 15 perces sétára fekszik. A Liszt Ferenc tér éttermei és sörözői 800 méterre találhatók. A Westend City Center bevásárlóközpont és a Nyugati pályaudvar alig 10 perces sétával elérhető.\n','APARTMAN',47.509837419205,19.06605631113,'Six Inn Hotel Budapest','1064','Rózsa utca 85.'),(43,6.4,'Budapest','A Hobar Hostel Budapest történelmi részén található a városközpontban, a Ráday utca közvetlen szomszédságában, ahol megannyi étterem, kávézó, bár található.\nA szobák kényelmesen felszereltek, saját fürdőszobával rendelkeznek, egy vagy két fő részére nyújtanak ideális pihenési lehetőséget.\nJó minőségű wifi minden szobában ingyen rendelkezésre áll.\n','APARTMAN',47.487513,19.0635534,'HoBar Hostel Budapest','1092','Erkel utca 16.'),(44,8.4,'Budapest','Budapest XI. kerületében, távol a város zajától, kéthektáros területen, alpesi hangulatot idéző, finn rönkház várja kedves vendégeinket, családias hangulatban.\nSzobáinkból csodálatos kilátás nyílik Kamaraerdő tölgyfáira, éttermünk, hangulatos grillteraszunk és a festői kert tökéletes kikapcsolódást biztosítanak a hozzánk érkezőknek.\nTeniszpályáinkon télen-nyáron várjuk a fehér sport szerelmeseit.\nKényeztesse magát wellness részlegünkön! Sport és relaxáló masszázsaink, valamint szaunánk gondoskodik a testi és lelki felfrissülésről.\nMinden szobánkhoz ingyenes parkolási lehetőséget, a panzió teljes területén vezetékmentes internetet (free WiFi) biztosítunk. Klimatizált szobáink saját WC-vel és zuhanyzóval, műholdas televízióval felszereltek, éttermünkben kontinentális reggelit kínálunk (reggeli az árban).\nA közlekedési szempontból is kiváló helyen fekvő panziónktól Budapest belvárosa könnyen elérhető, de az egyik legnagyobb üzleti és bevásárlónegyede is mindössze 5 percnyi autóútra található.\nGyógyfürdők, műemlékek és történelem a javából! Nem csoda, hogy Újbuda, Budapest XI. kerülete az utazók kedvence.\nLegyen Ön is a vendégünk!\n','SZALLODA',47.445431546508,19.007195234299,'Grand Slam Park Panzió Budapest','1112','Kapolcs utca 2.'),(45,7.3,'Budapest','Telepes Apartman csendes nyugott zöld övezetben Zuglóban,a városközpontól 5 kilométerre található.\nA foglalások érvényesítése,a foglalt időszak teljes összegének 30 százaléka foglaló átutalásával történik!\nLemondás: Az érkezés dátuma előtt ,30 napon belüli lemondás esetén a foglalót nem áll módunkban visszatéríteni!\n1 éjszakai foglalás esetén a teljes összeg átutalása,szükséges!\nApartman semmilyen ellátást nem tartalmaznak!\nÁgyneműt és huzatot,törölközöt,nem kell hozni! Érkezéskor vendégeink 1 csomag Wc papirt kapnak,kézmosót,kéztörlőt,konyhába mosogató folyadékot.\nIngatlan területén,tüzrakás,szalonna sütés,sátor állitása Tilos!\nSzépkártyát elfogadunk.\nSZÉPKÁRTYÁVAL TÖRTÉNŐ FOGLALÓ UTALÁSA,ILLETVE A SZÁLÁSHELY SZÉPKÁRTYÁVAL FIZETÉSÉRE 5% KEZELÉSI KÖLTSÉGET SZÁMOLUNK FEL!\nFizetés érkezéskor a helyszínen,Apartman csak a teljes összeg kifizetése,és kaukció fizetése után foglalható el!\nAmennyibe a vendég bármilyen indok miatt előbb elhagyja a szálláshelyet,mint a lefoglalt időszak pénz visszatéritésre nem tarthat igényt!\nA szállás elfoglalásakor apartmanonként 30.000 Ft kauciót kérünk, mely a nyaralás végén károkozás hiányában teljes mértékben visszajár. A károkozás értéket a tulajdonos határozza meg!\nApartmanba illetve az ingatlan területén csak a bejelentett vendégek tartózkodhatnak.\nHázirend súlyos megsértése esetén / illetéktélen személyek tartózkodása / azonnali szerződés megszüntetését eredményezi,Apartmant köteles elhagyni,pénz visszatéritésre nem tarhat igényt!\nIdeális szállása lehet minden kultúrált környezetben kultúráltan pihenni vágyó családnak!\nHázi állat nem megengedett!\nVendégek érkezése 14 óra után 20 óráig! Távozás 10 óra előtt!\n20 órai érkezés után 3,000.-Ft + költségért lehetséges.\n10 óra utáni távozás esetén felár kerül felszámitásra,amit a tulajdonos határoz meg!\nFelhivjuk leendő kedves vendégeinket,hogy 14 óra előtti érkezés esetén az Apartmanokba,hűtőbe bepakolni nem lehetséges!\nFONTOS INFORMÁCIÓ! 18 ÉVEN ALULIAK APARTMANT ÖNNÁLLÓAN NEM FOGLALHATNAK,NEM TARZÓZKODHATNAK AZ INGATLAN TERÜLETÉN,CSAK SZÜLŐI FELÜGYELETTEL!\n','PANZIO',47.5307581,19.1217335,'Telepes Apartman Budapest','1147','Telepes utca 78'),(46,7.2,'Budapest','Csinos, frissen felújított, légkondicionált, dupla komfortos lakás Budapest belvárosában az Astorián! A lakás a zsinagóga tőszomszédságában, éttermek, bárok, éjjel-nappali élelmiszerboltok és szórakozóhelyek ölelésében a budapesti bulinegyedben helyezkedik el! A FAUSTO Michelin-csillagos étterem az épületben található. Történelmi épületek, látványosságok, a Fashion street - Váci utca gyalogosan elérhető. Torinform információs pont valamint városnéző buszok indulnak a ház elől! A környék közlekedése kiváló: busz és villamosjáratok, metróvonalak valamint éjszakai buszok 20 méteren belül! Ennek ellenére a lakás nagyon csendes, napos, zárt belső udvarra néz. Így szolgálja a kikapcsolódást és szórakozást!\n','NYARALO',47.4950169,19.0618966,'Astoria Center 8 Apartman Budapest','1072','Rákóczi út 8.'),(47,8.2,'Budapest','Szeretettel várjuk pihenni, szórakozni vágyó kedves vendégeinket újonnan megnyílt hangulatos szállodánkban, Budapest zöldövezetében.\nA 38 igényesen kialakított légkondicionált kétágyas szobáink,Tv-vel, zuhanyzóval és telefonnal felszerelt. Főépületünkben (1047 Budapest, Fóti út 75.) összesen 20 szobával, az apartman részlegünkön (1044 Budapest,Megyeri út 12) pedig 18 szobával rendelkezünk. Apartman részlegünk csupán 600 méterre helyezkedik főépületünktől, ahol apartman szobáink találhatóak. A szobák színvonala és berendezése mindkét részlegünkön teljesen azonos. Hangulatos éttermünkben, svédasztalos reggelivel várjuk kedves vendégeinket. Igény szerint konferenciák, rendezvények és fogadások lebonyolítását is vállaljuk.\nTovábbi szolgáltatásaink: ingyenes wifi, légkondicionáló, 24 órás őrzött parkoló, mosoda, 24 órás portaszolgálat, étterem, hotel taxi, non-stop drinkbár, fax, fénymásolás, nem dohányzó szoba, busz parkoló, programszervezés .\nSzeretnénk vendégeink szíves figyelmét felhívni arra, amennyiben konyhás, illetve hűtővel felszerelt apartman szobát szeretnének igénybe venni, azt kizárólagosan előre jelzéssel tudják megtenni felénk. * A szabad szobakapacitás függvényében.\n','PANZIO',47.577842963154,19.093186855316,'Hotel Karin Budapest','1047','Fóti út 75'),(48,9.2,'Budapest','Modern, kényelmes, új-építésű apartmanjainkban Budapest új Corvin negyedében önellátó szállással, felszerelt konyhával, poggyászmegőrzővel és egész területén ingyenes WiFi-vel várja vendégeit. A szálláshely a Corvin Plaza bevásárlóközpont mögött, az éttermekkel és bárokkal teli sétálóutcában helyezkedik el, esténként mégis csendes, kellemes pihenést biztosít.\nA Sun Resort Apartments minden szállása privát bejárattal, síkképernyős Tv-vel ellátott nappalival, teljesen felszerelt konyhával, étkezősarokkal, valamint káddal vagy zuhanyozóval, mosógéppel, hajszárítóval felszerelt saját fürdőszobával rendelkezik. A szobában széf bérlésre és légkondicionáló használatára is van lehetőség. Legtöbb apartmanunk erkéllyel, erkélybútorral is rendelkezik.\nÉrkezéskor a szálláshely ingyenes kávét és teát kínál a vendégeknek. A reggelit minden nap 8:00 órától 10:00 óráig szolgálják fel (feláras). A legközelebbi étterem és kávézó 20 méterre, a Lidl Szupermarket pedig 100 méterre helyezkedik el. Az épület mélygarázsában parkolót kínálunk gépkocsival érkező vendégeinknek. Kisgyermekkel utazóknak babágyat, etetőszéket, pelenkázót is kínálunk.\nA Corvin negyed metró- és villamosmegállók 500 méteren belül elérhetők, a belváros vagy a romkocsmákról híres Gozsdu negyed 2 metró megállón belül található.\nEz Budapest egyik legkedveltebb része - vendégeink elfogulatlan értékelései alapján.\nA különböző apartmantípusokra különböző végtakarítási díj vonatkozik (stúdió és egy-hálószobás apartman: 15€, ezeket a végösszeg nem minden esetben foglalja magában.\n','APARTMAN',47.48596148169,19.077145904303,'Sun Resort Apartments Budapest','1082','Corvin sétány 4.'),(49,8.1,'Budapest','Első osztályú panziónk Budapest XV. kerületében Pestújhelyen, az M3-as autópályától néhány percre, zöldövezetben, csendes utcában helyezkedik el. A belváros negyedóra alatt elérhető saját autóval, 20 perc alatt tömegközlekedéssel.\nA 9 szobából, 1 családi szobából és egy apartmanból álló épületben a maximum férőhely 30 fő. A kétágyas szobák pótágyazhatók, 4 vagy 5 fő elhelyezésére a családi szobát ajánljuk, nagyobb létszám esetén a három hálós apartman kényelmes. Minden szobához fürdőszoba tartozik és hűtővel felszerelt.\nKamerával figyelt udvari parkolóhely és wifi használata az épület teljes területén biztosított és ingyenes. A panzió teljes belső területén tilos a dohányzás.\nPár perces sétával elérhető a városközpontba közlekedő buszjárat, vásárlási lehetőség is a közelben. Ha Ön nem tudja mivel szeretné tölteni idejét, egyéni és csoportos programokkal segítjük pihenését.\n','NYARALO',47.5379817,19.1217199,'Palota Panzió Budapest','1158','József Attila utca 11/B.'),(50,7.1,'Budapest','Budapesten, a Keleti Pályaudvar közvetlen közelében kínáljuk otthonos lakásunkat a vársoba látogatók számára.\nA közelben számtalan tömegközlekedési lehetőség (metró, trollik, buszok) amelyel a város minden pontjára könnyedén eljuthatnak. A lakás a Garay Centerben helyezkedik el amelyben található mélygarázsos parkoló, szupermarket, fitness klub és éttermek.\nA szállás csendes, otthonos, törülközőkkel, hajszárítóval wifivel, minden konyhai eszközzel ellátott illetve légkondicionált. Rövid illetve hoszabb tartózkodásra is tökéletesen megfelel. Keressenek bizalommal!\n','PANZIO',47.5041541,19.0857099,'Otthonos Lakás a Garay téren Budapest','1076','Garay tér 20.');
/*!40000 ALTER TABLE `hotel` ENABLE KEYS */;
UNLOCK TABLES;

--
-- Table structure for table `hotel_features`
--

DROP TABLE IF EXISTS `hotel_features`;
/*!40101 SET @saved_cs_client     = @@character_set_client */;
/*!50503 SET character_set_client = utf8mb4 */;
CREATE TABLE `hotel_features` (
  `hotel_id` bigint(20) NOT NULL,
  `hotel_features` varchar(255) DEFAULT NULL,
  KEY `FK1e9gv7bwchygflnh9bgv2bqj0` (`hotel_id`),
  CONSTRAINT `FK1e9gv7bwchygflnh9bgv2bqj0` FOREIGN KEY (`hotel_id`) REFERENCES `hotel` (`id`)
) ENGINE=InnoDB DEFAULT CHARSET=utf8;
/*!40101 SET character_set_client = @saved_cs_client */;

--
-- Dumping data for table `hotel_features`
--

LOCK TABLES `hotel_features` WRITE;
/*!40000 ALTER TABLE `hotel_features` DISABLE KEYS */;
INSERT INTO `hotel_features` VALUES (2,'PARKOLAS_FIZETOS'),(2,'AZONNALIVISSZAIGAZOLAS'),(2,'INGYENESWIFI'),(2,'OTP_MKB_KARTYA'),(2,'HATEVES_KORIG_INGYENES'),(3,'PARKOLAS_FIZETOS'),(3,'AZONNALIVISSZAIGAZOLAS'),(3,'INGYENESWIFI'),(3,'BABABARAT'),(4,'PARKOLASILEHETOSEG'),(4,'AZONNALIVISSZAIGAZOLAS'),(4,'INGYENESWIFI'),(4,'OTP_MKB_KARTYA'),(4,'BABABARAT'),(4,'LEGKONDICIONALAS'),(5,'PARKOLAS_FIZETOS'),(5,'AZONNALIVISSZAIGAZOLAS'),(5,'INGYENESWIFI'),(5,'OTP_MKB_KARTYA'),(5,'LEGKONDICIONALAS'),(6,'PARKOLAS_FIZETOS'),(6,'AZONNALIVISSZAIGAZOLAS'),(6,'INGYENESWIFI'),(6,'LEGKONDICIONALAS'),(7,'AZONNALIVISSZAIGAZOLAS'),(7,'INGYENESWIFI'),(7,'OTP_MKB_KARTYA'),(8,'AZONNALIVISSZAIGAZOLAS'),(8,'INGYENESWIFI'),(8,'BABABARAT'),(8,'LEGKONDICIONALAS'),(8,'ETTEREM'),(9,'PARKOLASILEHETOSEG'),(9,'AZONNALIVISSZAIGAZOLAS'),(9,'INGYENESWIFI'),(9,'OTP_MKB_KARTYA'),(9,'LEGKONDICIONALAS'),(9,'ETTEREM'),(10,'PARKOLAS_FIZETOS'),(10,'AZONNALIVISSZAIGAZOLAS'),(10,'INGYENESWIFI'),(10,'BABABARAT'),(10,'LEGKONDICIONALAS'),(11,'PARKOLAS_FIZETOS'),(11,'AZONNALIVISSZAIGAZOLAS'),(11,'INGYENESWIFI'),(11,'BABABARAT'),(11,'LEGKONDICIONALAS'),(12,'PARKOLASILEHETOSEG'),(12,'AZONNALIVISSZAIGAZOLAS'),(12,'INGYENESWIFI'),(12,'HATEVES_KORIG_INGYENES'),(13,'AZONNALIVISSZAIGAZOLAS'),(13,'INGYENESWIFI'),(13,'HATEVES_KORIG_INGYENES'),(13,'LEGKONDICIONALAS'),(14,'PARKOLAS_FIZETOS'),(14,'AZONNALIVISSZAIGAZOLAS'),(14,'INGYENESWIFI'),(14,'LEGKONDICIONALAS'),(14,'INGYENESWIFI'),(15,'PARKOLASILEHETOSEG'),(15,'AZONNALIVISSZAIGAZOLAS'),(15,'INGYENESWIFI'),(15,'OTP_MKB_KARTYA'),(16,'PARKOLASILEHETOSEG'),(16,'AZONNALIVISSZAIGAZOLAS'),(16,'INGYENESWIFI'),(16,'LEGKONDICIONALAS'),(17,'PARKOLAS_FIZETOS'),(17,'AZONNALIVISSZAIGAZOLAS'),(17,'INGYENESWIFI'),(18,'PARKOLAS_FIZETOS'),(18,'AZONNALIVISSZAIGAZOLAS'),(18,'INGYENESWIFI'),(18,'INGYENESWIFI'),(19,'PARKOLASILEHETOSEG'),(19,'AZONNALIVISSZAIGAZOLAS'),(19,'INGYENESWIFI'),(19,'OTP_MKB_KARTYA'),(19,'BABABARAT'),(19,'LEGKONDICIONALAS'),(20,'PARKOLAS_FIZETOS'),(20,'AZONNALIVISSZAIGAZOLAS'),(20,'INGYENESWIFI'),(20,'WELLNESS'),(20,'LEGKONDICIONALAS'),(20,'ETTEREM'),(21,'PARKOLASILEHETOSEG'),(21,'AZONNALIVISSZAIGAZOLAS'),(21,'INGYENESWIFI'),(22,'PARKOLAS_FIZETOS'),(22,'AZONNALIVISSZAIGAZOLAS'),(22,'OTP_MKB_KARTYA'),(22,'WELLNESS'),(22,'LEGKONDICIONALAS'),(23,'PARKOLASILEHETOSEG'),(23,'AZONNALIVISSZAIGAZOLAS'),(23,'INGYENESWIFI'),(23,'OTP_MKB_KARTYA'),(24,'PARKOLAS_FIZETOS'),(24,'AZONNALIVISSZAIGAZOLAS'),(24,'INGYENESWIFI'),(24,'BABABARAT'),(24,'LEGKONDICIONALAS'),(25,'PARKOLAS_FIZETOS'),(25,'AZONNALIVISSZAIGAZOLAS'),(25,'INGYENESWIFI'),(25,'BABABARAT'),(25,'LEGKONDICIONALAS'),(26,'PARKOLASILEHETOSEG'),(26,'AZONNALIVISSZAIGAZOLAS'),(26,'INGYENESWIFI'),(27,'AZONNALIVISSZAIGAZOLAS'),(27,'INGYENESWIFI'),(27,'LEGKONDICIONALAS'),(28,'AZONNALIVISSZAIGAZOLAS'),(28,'WELLNESS'),(28,'LEGKONDICIONALAS'),(28,'ETTEREM'),(29,'PARKOLASILEHETOSEG'),(29,'AZONNALIVISSZAIGAZOLAS'),(30,'PARKOLASILEHETOSEG'),(30,'AZONNALIVISSZAIGAZOLAS'),(30,'INGYENESWIFI'),(30,'LEGKONDICIONALAS'),(31,'AZONNALIVISSZAIGAZOLAS'),(31,'INGYENESWIFI'),(31,'LEGKONDICIONALAS'),(31,'INGYENESWIFI'),(32,'AZONNALIVISSZAIGAZOLAS'),(32,'INGYENESWIFI'),(32,'LEGKONDICIONALAS'),(33,'AZONNALIVISSZAIGAZOLAS'),(33,'INGYENESWIFI'),(33,'LEGKONDICIONALAS'),(34,'AZONNALIVISSZAIGAZOLAS'),(34,'INGYENESWIFI'),(34,'LEGKONDICIONALAS'),(35,'AZONNALIVISSZAIGAZOLAS'),(35,'INGYENESWIFI'),(35,'LEGKONDICIONALAS'),(35,'INGYENESWIFI'),(36,'PARKOLASILEHETOSEG'),(36,'AZONNALIVISSZAIGAZOLAS'),(36,'INGYENESWIFI'),(36,'BABABARAT'),(36,'LEGKONDICIONALAS'),(36,'ETTEREM'),(37,'PARKOLASILEHETOSEG'),(37,'AZONNALIVISSZAIGAZOLAS'),(37,'INGYENESWIFI'),(37,'OTP_MKB_KARTYA'),(37,'BABABARAT'),(37,'WELLNESS'),(37,'LEGKONDICIONALAS'),(37,'ETTEREM'),(38,'PARKOLASILEHETOSEG'),(38,'AZONNALIVISSZAIGAZOLAS'),(38,'INGYENESWIFI'),(38,'LEGKONDICIONALAS'),(38,'ETTEREM'),(39,'PARKOLAS_FIZETOS'),(39,'AZONNALIVISSZAIGAZOLAS'),(39,'INGYENESWIFI'),(39,'OTP_MKB_KARTYA'),(39,'HATEVES_KORIG_INGYENES'),(39,'LEGKONDICIONALAS'),(40,'AZONNALIVISSZAIGAZOLAS'),(40,'INGYENESWIFI'),(40,'HATEVES_KORIG_INGYENES'),(40,'LEGKONDICIONALAS'),(41,'AZONNALIVISSZAIGAZOLAS'),(41,'INGYENESWIFI'),(41,'LEGKONDICIONALAS'),(42,'AZONNALIVISSZAIGAZOLAS'),(42,'INGYENESWIFI'),(42,'OTP_MKB_KARTYA'),(42,'LEGKONDICIONALAS'),(43,'AZONNALIVISSZAIGAZOLAS'),(43,'INGYENESWIFI'),(43,'INGYENESWIFI'),(44,'PARKOLASILEHETOSEG'),(44,'AZONNALIVISSZAIGAZOLAS'),(44,'INGYENESWIFI'),(44,'BABABARAT'),(44,'LEGKONDICIONALAS'),(44,'ETTEREM'),(44,'INGYENESWIFI'),(45,'AZONNALIVISSZAIGAZOLAS'),(45,'INGYENESWIFI'),(45,'OTP_MKB_KARTYA'),(46,'AZONNALIVISSZAIGAZOLAS'),(46,'INGYENESWIFI'),(46,'HATEVES_KORIG_INGYENES'),(46,'LEGKONDICIONALAS'),(47,'PARKOLASILEHETOSEG'),(47,'AZONNALIVISSZAIGAZOLAS'),(47,'INGYENESWIFI'),(47,'HATEVES_KORIG_INGYENES'),(47,'LEGKONDICIONALAS'),(47,'ETTEREM'),(49,'PARKOLASILEHETOSEG'),(49,'AZONNALIVISSZAIGAZOLAS'),(49,'INGYENESWIFI'),(49,'HATEVES_KORIG_INGYENES'),(49,'INGYENESWIFI'),(50,'AZONNALIVISSZAIGAZOLAS'),(50,'INGYENESWIFI'),(50,'LEGKONDICIONALAS'),(1,'AZONNALIVISSZAIGAZOLAS'),(1,'INGYENESWIFI'),(1,'OTP_MKB_KARTYA'),(1,'PARKOLAS_FIZETOS'),(1,'LEGKONDICIONALAS'),(1,'ETTEREM'),(48,'AZONNALIVISSZAIGAZOLAS'),(48,'INGYENESWIFI'),(48,'OTP_MKB_KARTYA'),(48,'PARKOLAS_FIZETOS'),(48,'LEGKONDICIONALAS');
/*!40000 ALTER TABLE `hotel_features` ENABLE KEYS */;
UNLOCK TABLES;

--
-- Table structure for table `hotel_hotel_image_urls`
--

DROP TABLE IF EXISTS `hotel_hotel_image_urls`;
/*!40101 SET @saved_cs_client     = @@character_set_client */;
/*!50503 SET character_set_client = utf8mb4 */;
CREATE TABLE `hotel_hotel_image_urls` (
  `hotel_id` bigint(20) NOT NULL,
  `hotel_image_urls` varchar(255) DEFAULT NULL,
  KEY `FKdpcx919ypgoiock8n3r71io4u` (`hotel_id`),
  CONSTRAINT `FKdpcx919ypgoiock8n3r71io4u` FOREIGN KEY (`hotel_id`) REFERENCES `hotel` (`id`)
) ENGINE=InnoDB DEFAULT CHARSET=utf8;
/*!40101 SET character_set_client = @saved_cs_client */;

--
-- Dumping data for table `hotel_hotel_image_urls`
--

LOCK TABLES `hotel_hotel_image_urls` WRITE;
/*!40000 ALTER TABLE `hotel_hotel_image_urls` DISABLE KEYS */;
INSERT INTO `hotel_hotel_image_urls` VALUES (7,'http://res.cloudinary.com/doaywchwk/image/upload/v1584021264/ikhqbovykk090gykjep0.jpg'),(7,'http://res.cloudinary.com/doaywchwk/image/upload/v1584021266/o8jjcypdckeqtjqlkqaa.jpg'),(7,'http://res.cloudinary.com/doaywchwk/image/upload/v1584021268/ovwhtvykhlkpjkijpzqb.jpg'),(7,'http://res.cloudinary.com/doaywchwk/image/upload/v1584021270/adfame9sojy2wzj0lyit.jpg'),(7,'http://res.cloudinary.com/doaywchwk/image/upload/v1584021273/ewzcddj7aaiqd6w1ihl8.jpg'),(7,'http://res.cloudinary.com/doaywchwk/image/upload/v1584021274/khy2ncctck5kfb5npcqg.jpg'),(7,'http://res.cloudinary.com/doaywchwk/image/upload/v1584021278/qzzjhcyasanz31wxuyld.jpg'),(7,'http://res.cloudinary.com/doaywchwk/image/upload/v1584021280/xbfg0nrwoau6zmysdfzs.jpg'),(7,'http://res.cloudinary.com/doaywchwk/image/upload/v1584021281/jboh4zs7kikdvrfx5ywx.jpg'),(7,'http://res.cloudinary.com/doaywchwk/image/upload/v1584021283/v0gky711lli05rnrqyx5.jpg'),(8,'http://res.cloudinary.com/doaywchwk/image/upload/v1584021287/kprelpxw3jxia7s9fe9x.jpg'),(8,'http://res.cloudinary.com/doaywchwk/image/upload/v1584021289/gg5mbqamty4ojh0gmsdg.jpg'),(8,'http://res.cloudinary.com/doaywchwk/image/upload/v1584021291/usdd74lgcb4guutctfew.jpg'),(8,'http://res.cloudinary.com/doaywchwk/image/upload/v1584021293/k5llhcswwcf5efmvslk5.jpg'),(8,'http://res.cloudinary.com/doaywchwk/image/upload/v1584021295/qbuc4npoz6krmga7dlyt.jpg'),(8,'http://res.cloudinary.com/doaywchwk/image/upload/v1584021297/is1whk4gzh3eapgseyjk.jpg'),(8,'http://res.cloudinary.com/doaywchwk/image/upload/v1584021315/foeq0x0gyeyashejbqso.jpg'),(8,'http://res.cloudinary.com/doaywchwk/image/upload/v1584021317/rqmhizztbfj5zkvp4eah.jpg'),(8,'http://res.cloudinary.com/doaywchwk/image/upload/v1584021319/raptiefdvm10nypgx37e.jpg'),(8,'http://res.cloudinary.com/doaywchwk/image/upload/v1584021321/q5cri3vcvktitlm1478i.jpg'),(9,'http://res.cloudinary.com/doaywchwk/image/upload/v1584021330/hfhbqbohb8gbtzzctc1l.jpg'),(9,'http://res.cloudinary.com/doaywchwk/image/upload/v1584021332/w2l3e2s5ptbjsdczdtut.jpg'),(9,'http://res.cloudinary.com/doaywchwk/image/upload/v1584021335/fmwah8bxf7lqkbfo8i6s.jpg'),(9,'http://res.cloudinary.com/doaywchwk/image/upload/v1584021336/lojf37ibhwilkffczhlv.jpg'),(9,'http://res.cloudinary.com/doaywchwk/image/upload/v1584021338/mjemo0sxhkmdv5jpxfzh.jpg'),(9,'http://res.cloudinary.com/doaywchwk/image/upload/v1584021340/dve3fyrr6qqcagmedbvv.jpg'),(9,'http://res.cloudinary.com/doaywchwk/image/upload/v1584021342/o8q3nxpjfjmkycuh1uxi.jpg'),(9,'http://res.cloudinary.com/doaywchwk/image/upload/v1584021344/ayie1dsdh47zswov1gzr.jpg'),(9,'http://res.cloudinary.com/doaywchwk/image/upload/v1584021346/rmqmrho2rzrxcpfqmpts.jpg'),(9,'http://res.cloudinary.com/doaywchwk/image/upload/v1584021347/yznpskqqo2g8ky455obn.jpg'),(11,'http://res.cloudinary.com/doaywchwk/image/upload/v1584021376/lhkxofdswwwkhvfkmovr.jpg'),(11,'http://res.cloudinary.com/doaywchwk/image/upload/v1584021377/llvrjaz0wykkildaz5wt.jpg'),(11,'http://res.cloudinary.com/doaywchwk/image/upload/v1584021379/fz79vylbjecrohdb3uo6.jpg'),(11,'http://res.cloudinary.com/doaywchwk/image/upload/v1584021381/v4vghjkg4ie5z4lp0yp9.jpg'),(11,'http://res.cloudinary.com/doaywchwk/image/upload/v1584021383/iq20fa0xo7prnxgk1wtx.jpg'),(11,'http://res.cloudinary.com/doaywchwk/image/upload/v1584021384/ikzlr8w3w2ad4weobnmr.jpg'),(11,'http://res.cloudinary.com/doaywchwk/image/upload/v1584021386/lk6cz3nfwgmqgkx6rvc5.jpg'),(13,'http://res.cloudinary.com/doaywchwk/image/upload/v1584021419/c3odh2yplhwiuh5ckaxz.jpg'),(13,'http://res.cloudinary.com/doaywchwk/image/upload/v1584021421/c7hy1mlvabw39az5tj7t.jpg'),(13,'http://res.cloudinary.com/doaywchwk/image/upload/v1584021424/kfea8quc2tbqaxrgoc37.jpg'),(13,'http://res.cloudinary.com/doaywchwk/image/upload/v1584021426/hih6w3gljgo3yjbannzd.jpg'),(13,'http://res.cloudinary.com/doaywchwk/image/upload/v1584021429/enu2zsl86stwdkzun02v.jpg'),(13,'http://res.cloudinary.com/doaywchwk/image/upload/v1584021431/ez08cckrzbuklf13ribh.jpg'),(13,'http://res.cloudinary.com/doaywchwk/image/upload/v1584021433/swdhbzemthcxczgvirkp.jpg'),(13,'http://res.cloudinary.com/doaywchwk/image/upload/v1584021435/rzzsdzkgowpukloqlrw8.jpg'),(13,'http://res.cloudinary.com/doaywchwk/image/upload/v1584021437/vvwah4eisfkvrws8nu5t.jpg'),(13,'http://res.cloudinary.com/doaywchwk/image/upload/v1584021439/oy3uzw5z0aq4y0t13zkp.jpg'),(14,'http://res.cloudinary.com/doaywchwk/image/upload/v1584021458/sjjlxqn5rszicdybktqz.jpg'),(14,'http://res.cloudinary.com/doaywchwk/image/upload/v1584021461/x4xlwj9aeu0rbwrgnezc.jpg'),(14,'http://res.cloudinary.com/doaywchwk/image/upload/v1584021462/hgsknka2zwyithv78cu7.jpg'),(14,'http://res.cloudinary.com/doaywchwk/image/upload/v1584021464/dhwko6hybfbs5i09snuq.jpg'),(15,'http://res.cloudinary.com/doaywchwk/image/upload/v1584021469/mcem2zo14e6ytovy8szu.jpg'),(15,'http://res.cloudinary.com/doaywchwk/image/upload/v1584021471/trwpfu90cnwitqgvzpib.jpg'),(15,'http://res.cloudinary.com/doaywchwk/image/upload/v1584021473/frfa2v2lqlddedebttfw.jpg'),(15,'http://res.cloudinary.com/doaywchwk/image/upload/v1584021476/uqt1nusk5lplffo38ikk.jpg'),(15,'http://res.cloudinary.com/doaywchwk/image/upload/v1584021479/urtszr7jtlvfadyiywlq.jpg'),(15,'http://res.cloudinary.com/doaywchwk/image/upload/v1584021480/ncb38lj5ghyut1i23jgr.jpg'),(15,'http://res.cloudinary.com/doaywchwk/image/upload/v1584021482/hoe6l8eywzlmlovsszfv.jpg'),(15,'http://res.cloudinary.com/doaywchwk/image/upload/v1584021484/y9sqhiqbo3s0syl5xmja.jpg'),(15,'http://res.cloudinary.com/doaywchwk/image/upload/v1584021486/pxzvthtgaamxnwn0plky.jpg'),(15,'http://res.cloudinary.com/doaywchwk/image/upload/v1584021487/dhwlhpxvjfialzdzgmla.jpg'),(16,'http://res.cloudinary.com/doaywchwk/image/upload/v1584021495/oucxprvw0kwldfuaufzp.jpg'),(16,'http://res.cloudinary.com/doaywchwk/image/upload/v1584021497/n7s9qjhmyb3f8rl6b3n7.jpg'),(16,'http://res.cloudinary.com/doaywchwk/image/upload/v1584021499/wbyhypk3cwjdvijgyipn.jpg'),(16,'http://res.cloudinary.com/doaywchwk/image/upload/v1584021501/baoyzod02qzdhdnzu5n9.jpg'),(16,'http://res.cloudinary.com/doaywchwk/image/upload/v1584021504/qmjwofw0ahz7d3ofrj9d.jpg'),(16,'http://res.cloudinary.com/doaywchwk/image/upload/v1584021506/p0jsh8wyoacfvv8ey7q0.jpg'),(16,'http://res.cloudinary.com/doaywchwk/image/upload/v1584021508/vjb2ozg9qtrx8lsoylay.jpg'),(16,'http://res.cloudinary.com/doaywchwk/image/upload/v1584021511/dzjfuvmuy4mnzkwjaz4z.jpg'),(16,'http://res.cloudinary.com/doaywchwk/image/upload/v1584021513/jkwz6ai1ktnmyq4ddffl.jpg'),(16,'http://res.cloudinary.com/doaywchwk/image/upload/v1584021515/ogc0jhqrqcxx5kjlhtkh.jpg'),(17,'http://res.cloudinary.com/doaywchwk/image/upload/v1584021528/kjiysthnh8kitjayuz94.jpg'),(17,'http://res.cloudinary.com/doaywchwk/image/upload/v1584021530/eit40wxzqz8obpvxag2s.jpg'),(17,'http://res.cloudinary.com/doaywchwk/image/upload/v1584021532/cg6clzl81onodavpn70b.jpg'),(17,'http://res.cloudinary.com/doaywchwk/image/upload/v1584021534/pucj5tk3owt6dqhm0qxc.jpg'),(17,'http://res.cloudinary.com/doaywchwk/image/upload/v1584021536/rtiuwamvw1xcl0lfgz0m.jpg'),(17,'http://res.cloudinary.com/doaywchwk/image/upload/v1584021538/ubbc2wlfk73qhxfqire4.jpg'),(17,'http://res.cloudinary.com/doaywchwk/image/upload/v1584021541/lfhxkpadpl6a4sv9qic2.jpg'),(17,'http://res.cloudinary.com/doaywchwk/image/upload/v1584021543/zsxbh20kxdyaqsee4p8n.jpg'),(17,'http://res.cloudinary.com/doaywchwk/image/upload/v1584021545/f25reppvyp8z7odql9jh.jpg'),(17,'http://res.cloudinary.com/doaywchwk/image/upload/v1584021546/xlj4cmjklm2yfa0klfpp.jpg'),(18,'http://res.cloudinary.com/doaywchwk/image/upload/v1584021559/oyqlnom3hcqpwiqvimob.jpg'),(18,'http://res.cloudinary.com/doaywchwk/image/upload/v1584021561/uacxlusztnogii42x6gt.jpg'),(18,'http://res.cloudinary.com/doaywchwk/image/upload/v1584021563/rdtcehuaw20wlj0xppb6.jpg'),(18,'http://res.cloudinary.com/doaywchwk/image/upload/v1584021565/dci2wukeghnlednesr72.jpg'),(19,'http://res.cloudinary.com/doaywchwk/image/upload/v1584021570/pnfiqgi7oq16pqez4zzh.jpg'),(19,'http://res.cloudinary.com/doaywchwk/image/upload/v1584021572/njwroh80gtiqeb01bntr.jpg'),(19,'http://res.cloudinary.com/doaywchwk/image/upload/v1584021574/qk7xztxsslsprkpw6yib.jpg'),(19,'http://res.cloudinary.com/doaywchwk/image/upload/v1584021576/jtsddb2mqtd3b37qeraz.jpg'),(19,'http://res.cloudinary.com/doaywchwk/image/upload/v1584021578/rs4st8ud6buecn7supfh.jpg'),(19,'http://res.cloudinary.com/doaywchwk/image/upload/v1584021580/hlcxr1zgk9rp32cjtjat.jpg'),(19,'http://res.cloudinary.com/doaywchwk/image/upload/v1584021582/qwni23sbs5p6zlj9wp2s.jpg'),(20,'http://res.cloudinary.com/doaywchwk/image/upload/v1584021591/ie1coerktadm56g5egb5.jpg'),(20,'http://res.cloudinary.com/doaywchwk/image/upload/v1584021593/iipijggqkevs8onliaok.jpg'),(20,'http://res.cloudinary.com/doaywchwk/image/upload/v1584021595/zzqgrz9mpn18y6goimus.jpg'),(20,'http://res.cloudinary.com/doaywchwk/image/upload/v1584021597/x72swa6ywxlqwwaqfq3x.jpg'),(20,'http://res.cloudinary.com/doaywchwk/image/upload/v1584021599/cn1a8inpe3hzifle1djp.jpg'),(20,'http://res.cloudinary.com/doaywchwk/image/upload/v1584021600/uo4k1gdxdv8jl42pnrn7.jpg'),(20,'http://res.cloudinary.com/doaywchwk/image/upload/v1584021603/hxwf6ia7l94mtebpqxmf.jpg'),(20,'http://res.cloudinary.com/doaywchwk/image/upload/v1584021605/excwhpfgay8bq3bkennh.jpg'),(20,'http://res.cloudinary.com/doaywchwk/image/upload/v1584021607/rrh0oqrfza4zaj9d5lnc.jpg'),(20,'http://res.cloudinary.com/doaywchwk/image/upload/v1584021609/pejvwcuf44fclmpjpgee.jpg'),(21,'http://res.cloudinary.com/doaywchwk/image/upload/v1584021617/a3yuuqac5nhe84du36h1.jpg'),(21,'http://res.cloudinary.com/doaywchwk/image/upload/v1584021619/wjbaiulobbledcfcushk.jpg'),(21,'http://res.cloudinary.com/doaywchwk/image/upload/v1584021622/xkrev2k8s0pwxzonoues.jpg'),(21,'http://res.cloudinary.com/doaywchwk/image/upload/v1584021624/zafsfbw1jc75balhcu1j.jpg'),(21,'http://res.cloudinary.com/doaywchwk/image/upload/v1584021625/vrx7qvbgpuz6c3qetex8.jpg'),(21,'http://res.cloudinary.com/doaywchwk/image/upload/v1584021628/iwxlemy3uhcdkwb5dz77.jpg'),(22,'http://res.cloudinary.com/doaywchwk/image/upload/v1584021632/drfzzlrnyidsx8l8ts4q.jpg'),(22,'http://res.cloudinary.com/doaywchwk/image/upload/v1584021633/n79qjxstu4iivaewdanu.jpg'),(22,'http://res.cloudinary.com/doaywchwk/image/upload/v1584021635/essr5brvmvr7bi3hzfkc.jpg'),(22,'http://res.cloudinary.com/doaywchwk/image/upload/v1584021636/czfkdsldctdwcs62zhfr.jpg'),(22,'http://res.cloudinary.com/doaywchwk/image/upload/v1584021639/iz3ymj7cj8yjvgkxj9nx.jpg'),(22,'http://res.cloudinary.com/doaywchwk/image/upload/v1584021640/ffs8eldmlwm9zwploh3i.jpg'),(22,'http://res.cloudinary.com/doaywchwk/image/upload/v1584021642/ss1a2s0r2ixljwjmcmem.jpg'),(22,'http://res.cloudinary.com/doaywchwk/image/upload/v1584021644/mswmxtf0b4zhwhx1yka6.jpg'),(22,'http://res.cloudinary.com/doaywchwk/image/upload/v1584021645/bev76yhyrg871ltwq2a5.jpg'),(22,'http://res.cloudinary.com/doaywchwk/image/upload/v1584021646/cbds0qoyjygzffgzq0ba.jpg'),(23,'http://res.cloudinary.com/doaywchwk/image/upload/v1584021656/qbjrjjpihp0on0qjr1uk.jpg'),(23,'http://res.cloudinary.com/doaywchwk/image/upload/v1584021658/jcxtws3swtmddqzlguzd.jpg'),(23,'http://res.cloudinary.com/doaywchwk/image/upload/v1584021659/l8ewnhss5wegyidyuyvd.jpg'),(23,'http://res.cloudinary.com/doaywchwk/image/upload/v1584021661/ampillqsl5jj6xrjn5kb.jpg'),(23,'http://res.cloudinary.com/doaywchwk/image/upload/v1584021663/wrthyfayixczysg6oaxz.jpg'),(23,'http://res.cloudinary.com/doaywchwk/image/upload/v1584021665/qp3fm4zpct4yiryc8x33.jpg'),(23,'http://res.cloudinary.com/doaywchwk/image/upload/v1584021666/mcgmjd2bmsuowsgeadie.jpg'),(23,'http://res.cloudinary.com/doaywchwk/image/upload/v1584021669/w1fodkyl7ald7dty4okx.jpg'),(23,'http://res.cloudinary.com/doaywchwk/image/upload/v1584021671/mdwz80bpi2thdbukpi4k.jpg'),(23,'http://res.cloudinary.com/doaywchwk/image/upload/v1584021673/qwxdtnozjog9nahvkwc7.jpg'),(25,'http://res.cloudinary.com/doaywchwk/image/upload/v1584021715/lvqvr3ngahy5ht7ehdgb.jpg'),(25,'http://res.cloudinary.com/doaywchwk/image/upload/v1584021716/eguaejp361loovcws4ul.jpg'),(25,'http://res.cloudinary.com/doaywchwk/image/upload/v1584021718/yhir1digagaxujnyhik9.jpg'),(25,'http://res.cloudinary.com/doaywchwk/image/upload/v1584021720/cvwpcygyi6ebazyxefhh.jpg'),(25,'http://res.cloudinary.com/doaywchwk/image/upload/v1584021722/trccn3hc8ccbzxullvkf.jpg'),(25,'http://res.cloudinary.com/doaywchwk/image/upload/v1584021724/uhcc6eafoqesdtizjscc.jpg'),(25,'http://res.cloudinary.com/doaywchwk/image/upload/v1584021726/heh7zcn6wudtb0fwezbx.jpg'),(25,'http://res.cloudinary.com/doaywchwk/image/upload/v1584021728/fndlikq2nau1y6hoxcuv.jpg'),(25,'http://res.cloudinary.com/doaywchwk/image/upload/v1584021730/nxt6jhp5575firwsd4or.jpg'),(25,'http://res.cloudinary.com/doaywchwk/image/upload/v1584021732/tubrbjd7nkxffbiivy4f.jpg'),(26,'http://res.cloudinary.com/doaywchwk/image/upload/v1584021747/wqujxvtc9uw3egbn3oyu.jpg'),(26,'http://res.cloudinary.com/doaywchwk/image/upload/v1584021749/xnsfzsksttcsnjtxl3tg.jpg'),(26,'http://res.cloudinary.com/doaywchwk/image/upload/v1584021752/qtuqlhveo3xmzrohtkzi.jpg'),(26,'http://res.cloudinary.com/doaywchwk/image/upload/v1584021754/ortto37zpz3irkwaarmx.jpg'),(26,'http://res.cloudinary.com/doaywchwk/image/upload/v1584021756/obcb0ytjgipj0fdyn8x7.jpg'),(27,'http://res.cloudinary.com/doaywchwk/image/upload/v1584021760/ufhkv6gptvs0fuj9rnpc.jpg'),(27,'http://res.cloudinary.com/doaywchwk/image/upload/v1584021763/xfejjibjs7fsa0zgnfoi.jpg'),(27,'http://res.cloudinary.com/doaywchwk/image/upload/v1584021764/cxdrwmkddrdc1drisgtz.jpg'),(27,'http://res.cloudinary.com/doaywchwk/image/upload/v1584021767/slbgnb1naxeanoje42fu.jpg'),(28,'http://res.cloudinary.com/doaywchwk/image/upload/v1584021774/dyx7ak922alijjknpdir.jpg'),(28,'http://res.cloudinary.com/doaywchwk/image/upload/v1584021776/szcacegtfvfsntxa5qjc.jpg'),(28,'http://res.cloudinary.com/doaywchwk/image/upload/v1584021778/ozlmblrhevlpzeu79yai.jpg'),(28,'http://res.cloudinary.com/doaywchwk/image/upload/v1584021779/ouhdcnyjemsclytpquj2.jpg'),(28,'http://res.cloudinary.com/doaywchwk/image/upload/v1584021782/lapyfnb61kui6npiepqb.jpg'),(28,'http://res.cloudinary.com/doaywchwk/image/upload/v1584021783/nvkszlsehtxpfxattglk.jpg'),(28,'http://res.cloudinary.com/doaywchwk/image/upload/v1584021785/hxts46taiw0dn0vpiq6w.jpg'),(28,'http://res.cloudinary.com/doaywchwk/image/upload/v1584021788/fqa9fnrnpc2igfsv2lax.jpg'),(28,'http://res.cloudinary.com/doaywchwk/image/upload/v1584021790/zyrkjvlqhdwlb99cw7ns.jpg'),(28,'http://res.cloudinary.com/doaywchwk/image/upload/v1584021792/s1eomclzmwgpibhlo9p1.jpg'),(29,'http://res.cloudinary.com/doaywchwk/image/upload/v1584021799/srksdjaom4yzxabhjyfg.jpg'),(29,'http://res.cloudinary.com/doaywchwk/image/upload/v1584021801/qa4p0j7lh9v3plbzd1or.jpg'),(29,'http://res.cloudinary.com/doaywchwk/image/upload/v1584021804/kjyi9y49u7vsahcruams.jpg'),(29,'http://res.cloudinary.com/doaywchwk/image/upload/v1584021805/raxkzpzm6mzqvf5indfe.jpg'),(29,'http://res.cloudinary.com/doaywchwk/image/upload/v1584021807/xljrrtmjmdktjb3isf5o.jpg'),(29,'http://res.cloudinary.com/doaywchwk/image/upload/v1584021808/tilzzrlmkdu7frb4boxf.jpg'),(29,'http://res.cloudinary.com/doaywchwk/image/upload/v1584021810/e0ialkodohkpzdao977b.jpg'),(29,'http://res.cloudinary.com/doaywchwk/image/upload/v1584021813/lxvpereucrrypffn5jsx.jpg'),(29,'http://res.cloudinary.com/doaywchwk/image/upload/v1584021816/fd3lb8mebasetscd3wmi.jpg'),(29,'http://res.cloudinary.com/doaywchwk/image/upload/v1584021817/t6h27z9flrec077q4s8z.jpg'),(30,'http://res.cloudinary.com/doaywchwk/image/upload/v1584021822/tb298qpxrjjvtkocq7uz.jpg'),(30,'http://res.cloudinary.com/doaywchwk/image/upload/v1584021824/ifw1wm0jkdrdltdbntiz.jpg'),(30,'http://res.cloudinary.com/doaywchwk/image/upload/v1584021825/stcguxh6mpc2ehspgmyh.jpg'),(30,'http://res.cloudinary.com/doaywchwk/image/upload/v1584021828/s53etr3lqpgcuolnkssu.jpg'),(30,'http://res.cloudinary.com/doaywchwk/image/upload/v1584021830/nqgeeenpl3g7xf9xjkrd.jpg'),(30,'http://res.cloudinary.com/doaywchwk/image/upload/v1584021833/uj53xiyf5my9flkknzo1.jpg'),(31,'http://res.cloudinary.com/doaywchwk/image/upload/v1584021838/yhclvkkgdghbzluud0d8.jpg'),(31,'http://res.cloudinary.com/doaywchwk/image/upload/v1584021839/auzfi0kqyedoqitdhvpq.jpg'),(31,'http://res.cloudinary.com/doaywchwk/image/upload/v1584021841/vs1khvmjatkdwgkqmvuy.jpg'),(31,'http://res.cloudinary.com/doaywchwk/image/upload/v1584021843/bdkmntqzqfk95bdrqiax.jpg'),(31,'http://res.cloudinary.com/doaywchwk/image/upload/v1584021844/lfc3siwwa5yjbf39rt1g.jpg'),(31,'http://res.cloudinary.com/doaywchwk/image/upload/v1584021846/ihf6runylv1sqtrr54jz.jpg'),(31,'http://res.cloudinary.com/doaywchwk/image/upload/v1584021848/yjmijaszjbklsgxcnszo.jpg'),(31,'http://res.cloudinary.com/doaywchwk/image/upload/v1584021850/vfm9wymgooa9vmx0jgce.jpg'),(31,'http://res.cloudinary.com/doaywchwk/image/upload/v1584021852/e3knpf0i7tfslirdxpce.jpg'),(31,'http://res.cloudinary.com/doaywchwk/image/upload/v1584021853/tzbwc7asnt2seftjnanj.jpg'),(32,'http://res.cloudinary.com/doaywchwk/image/upload/v1584021865/copnf00cz5hzxdfmbsla.jpg'),(32,'http://res.cloudinary.com/doaywchwk/image/upload/v1584021866/zx8cnmdmg8mn4qsh3uvq.jpg'),(32,'http://res.cloudinary.com/doaywchwk/image/upload/v1584021869/sblwscfflfqntigq5t47.jpg'),(32,'http://res.cloudinary.com/doaywchwk/image/upload/v1584021871/cmuzx3wobzkbleewrkrb.jpg'),(32,'http://res.cloudinary.com/doaywchwk/image/upload/v1584021872/jdnxdyt0rdcthn7fiaps.jpg'),(32,'http://res.cloudinary.com/doaywchwk/image/upload/v1584021874/c9pqbaaw5v5mbnfjniyj.jpg'),(32,'http://res.cloudinary.com/doaywchwk/image/upload/v1584021876/ruynv6jrqajkg9ytxvsy.jpg'),(32,'http://res.cloudinary.com/doaywchwk/image/upload/v1584021878/zwiokk49vnyuwdthmnr9.jpg'),(32,'http://res.cloudinary.com/doaywchwk/image/upload/v1584021880/nr6a0awg47bsb8szsjgs.jpg'),(32,'http://res.cloudinary.com/doaywchwk/image/upload/v1584021881/x7dpavkc8g4lykdtebyn.jpg'),(33,'http://res.cloudinary.com/doaywchwk/image/upload/v1584021887/jvncbbmtcsayurht5f0w.jpg'),(33,'http://res.cloudinary.com/doaywchwk/image/upload/v1584021889/pcvmrredqmcjroqp1wkf.jpg'),(33,'http://res.cloudinary.com/doaywchwk/image/upload/v1584021891/u8agzhr9wr3faemumtlp.jpg'),(33,'http://res.cloudinary.com/doaywchwk/image/upload/v1584021893/zvzrb33q2g44toylnkkk.jpg'),(33,'http://res.cloudinary.com/doaywchwk/image/upload/v1584021895/wf5simjokehaso5e3cbx.jpg'),(33,'http://res.cloudinary.com/doaywchwk/image/upload/v1584021897/dy0rwueeh0ldeb3pv8v3.jpg'),(34,'http://res.cloudinary.com/doaywchwk/image/upload/v1584021902/udpk4fgryglasji6s5hx.jpg'),(34,'http://res.cloudinary.com/doaywchwk/image/upload/v1584021904/wxyopio2vg5ihwereuag.jpg'),(34,'http://res.cloudinary.com/doaywchwk/image/upload/v1584021906/mi5fomrhjjv3ixtbf1si.jpg'),(34,'http://res.cloudinary.com/doaywchwk/image/upload/v1584021908/t7baboq4xpq9q3zhtkvd.jpg'),(34,'http://res.cloudinary.com/doaywchwk/image/upload/v1584021910/qybkbaciizprrwx6absw.jpg'),(34,'http://res.cloudinary.com/doaywchwk/image/upload/v1584021912/o4oda84tkjlhfjbrwvsu.jpg'),(34,'http://res.cloudinary.com/doaywchwk/image/upload/v1584021913/wxuxwwyvg2spw0sndjom.jpg'),(34,'http://res.cloudinary.com/doaywchwk/image/upload/v1584021915/g8hcw4edsp80grsa3szt.jpg'),(34,'http://res.cloudinary.com/doaywchwk/image/upload/v1584021917/ptkzh6pprbbyfienfter.jpg'),(34,'http://res.cloudinary.com/doaywchwk/image/upload/v1584021919/itv1atlf7wqemloyoeeb.jpg'),(35,'http://res.cloudinary.com/doaywchwk/image/upload/v1584021930/uwhmpdg1uzivoxektito.jpg'),(35,'http://res.cloudinary.com/doaywchwk/image/upload/v1584021932/vstknvf1lk0lxfsewhqr.jpg'),(35,'http://res.cloudinary.com/doaywchwk/image/upload/v1584021934/dve52ps5atps0wxti1kj.jpg'),(35,'http://res.cloudinary.com/doaywchwk/image/upload/v1584021936/xmmjajjs2wtdxsp5orul.jpg'),(35,'http://res.cloudinary.com/doaywchwk/image/upload/v1584021939/qjzjnrc5iepvw0zk4yxz.jpg'),(35,'http://res.cloudinary.com/doaywchwk/image/upload/v1584021941/cijap1ws8zvrq08uhkbr.jpg'),(36,'http://res.cloudinary.com/doaywchwk/image/upload/v1584021951/rfmjrgtf1sc09k25bsxc.jpg'),(36,'http://res.cloudinary.com/doaywchwk/image/upload/v1584021953/mavh78ad3mexdq2eenp2.jpg'),(36,'http://res.cloudinary.com/doaywchwk/image/upload/v1584021955/vj7b0jhlfftheatqakyi.jpg'),(36,'http://res.cloudinary.com/doaywchwk/image/upload/v1584021957/gqg3hf4iuai8bnrhb9uk.jpg'),(36,'http://res.cloudinary.com/doaywchwk/image/upload/v1584021959/lwp1pwlwimjbswazgjr0.jpg'),(36,'http://res.cloudinary.com/doaywchwk/image/upload/v1584021961/fa8zhnrcyfvojb9cnjxb.jpg'),(36,'http://res.cloudinary.com/doaywchwk/image/upload/v1584021963/twxcfwcfkvbtaakxr9sz.jpg'),(36,'http://res.cloudinary.com/doaywchwk/image/upload/v1584021965/iqzm0hgjmkvos18y23qt.jpg'),(36,'http://res.cloudinary.com/doaywchwk/image/upload/v1584021967/fsr0n5c2rngehwdvcrcg.jpg'),(36,'http://res.cloudinary.com/doaywchwk/image/upload/v1584021969/mlsewzilbrwckfayj1wj.jpg'),(37,'http://res.cloudinary.com/doaywchwk/image/upload/v1584021973/ka2o04r9f3xcdxm7u217.jpg'),(37,'http://res.cloudinary.com/doaywchwk/image/upload/v1584021975/nmvx0xujbollevidmgmz.jpg'),(37,'http://res.cloudinary.com/doaywchwk/image/upload/v1584021977/xswwvkuqikwu8ceusdgd.jpg'),(37,'http://res.cloudinary.com/doaywchwk/image/upload/v1584021978/bs03w81x86kjtfiihehp.jpg'),(37,'http://res.cloudinary.com/doaywchwk/image/upload/v1584021980/xaaf4j8hdbsdfmsj9rkk.jpg'),(37,'http://res.cloudinary.com/doaywchwk/image/upload/v1584021982/gkghrbiqbp0liu76uq0y.jpg'),(37,'http://res.cloudinary.com/doaywchwk/image/upload/v1584021984/sfo2lrhbajgfpsooclbv.jpg'),(37,'http://res.cloudinary.com/doaywchwk/image/upload/v1584021986/t7tzfkryqazjo7j4w1zw.jpg'),(37,'http://res.cloudinary.com/doaywchwk/image/upload/v1584021987/x3e5xcbvuvvksesfy4wg.jpg'),(37,'http://res.cloudinary.com/doaywchwk/image/upload/v1584021989/ehj1upuobnm338w71nkq.jpg'),(38,'http://res.cloudinary.com/doaywchwk/image/upload/v1584021997/szesawtf4ckwayrxx9a7.jpg'),(38,'http://res.cloudinary.com/doaywchwk/image/upload/v1584021999/opgz0stxhnocpkgx98rp.jpg'),(38,'http://res.cloudinary.com/doaywchwk/image/upload/v1584022000/j1lj7rmm444dziu43uo2.jpg'),(38,'http://res.cloudinary.com/doaywchwk/image/upload/v1584022002/k4aslfc7rsrsxl2laqzg.jpg'),(38,'http://res.cloudinary.com/doaywchwk/image/upload/v1584022004/hjhn1o0q5vukildd58e5.jpg'),(38,'http://res.cloudinary.com/doaywchwk/image/upload/v1584022005/ulsx78veu9nvgaiwalds.jpg'),(38,'http://res.cloudinary.com/doaywchwk/image/upload/v1584022007/pqkk9otcpcnbvw92cujc.jpg'),(38,'http://res.cloudinary.com/doaywchwk/image/upload/v1584022009/gwikvqtu0iibnae3gx4j.jpg'),(38,'http://res.cloudinary.com/doaywchwk/image/upload/v1584022010/hyeijekvuzsjewkg9xzh.jpg'),(38,'http://res.cloudinary.com/doaywchwk/image/upload/v1584022012/qaycq7ersqxqjmmxzwip.jpg'),(39,'http://res.cloudinary.com/doaywchwk/image/upload/v1584022020/juqzbxhjywx9saoytg0n.jpg'),(39,'http://res.cloudinary.com/doaywchwk/image/upload/v1584022022/hnirxhahhkrdvt1wzqon.jpg'),(39,'http://res.cloudinary.com/doaywchwk/image/upload/v1584022024/drhtyyeylayljsi40fmg.jpg'),(39,'http://res.cloudinary.com/doaywchwk/image/upload/v1584022026/ecvggay9onctth9fctb0.jpg'),(39,'http://res.cloudinary.com/doaywchwk/image/upload/v1584022028/wjztgjy6xmybcnbqkfit.jpg'),(39,'http://res.cloudinary.com/doaywchwk/image/upload/v1584022030/nj755g5ksbzcdmb0jfje.jpg'),(39,'http://res.cloudinary.com/doaywchwk/image/upload/v1584022031/i105txywcmkvhlq9awij.jpg'),(39,'http://res.cloudinary.com/doaywchwk/image/upload/v1584022033/jvphdfv6nvehsmoqi5xc.jpg'),(39,'http://res.cloudinary.com/doaywchwk/image/upload/v1584022035/ctfvfkbxmgeqkppuersb.jpg'),(39,'http://res.cloudinary.com/doaywchwk/image/upload/v1584022036/tvbtaugshvsewhc5cds0.jpg'),(40,'http://res.cloudinary.com/doaywchwk/image/upload/v1584022047/mxqstkh32lcvwntrlxhd.jpg'),(40,'http://res.cloudinary.com/doaywchwk/image/upload/v1584022049/jfdw22ztbokuwlc7lvin.jpg'),(40,'http://res.cloudinary.com/doaywchwk/image/upload/v1584022051/coq3pi8xthxwokswttpz.jpg'),(40,'http://res.cloudinary.com/doaywchwk/image/upload/v1584022052/z21llkxv1jjgbtwdpiwt.jpg'),(40,'http://res.cloudinary.com/doaywchwk/image/upload/v1584022054/cvngkmlaaxpdj1xhtjhe.jpg'),(40,'http://res.cloudinary.com/doaywchwk/image/upload/v1584022056/fjqcwpvad2y8piephpgj.jpg'),(40,'http://res.cloudinary.com/doaywchwk/image/upload/v1584022057/eanelnh4hifh5dplhoxv.jpg'),(40,'http://res.cloudinary.com/doaywchwk/image/upload/v1584022059/t9pf9vsub482pb9lnxum.jpg'),(40,'http://res.cloudinary.com/doaywchwk/image/upload/v1584022061/fqmgzjq50chsdnhbq6hu.jpg'),(40,'http://res.cloudinary.com/doaywchwk/image/upload/v1584022063/aqrvdcvyvoeexoooo05b.jpg'),(41,'http://res.cloudinary.com/doaywchwk/image/upload/v1584022072/htcmtxkuqpfjpjm8dkvk.jpg'),(41,'http://res.cloudinary.com/doaywchwk/image/upload/v1584022074/ib3bcgu518vudt3u0tme.jpg'),(41,'http://res.cloudinary.com/doaywchwk/image/upload/v1584022076/ppcgqbc8txc2xccavuj6.jpg'),(41,'http://res.cloudinary.com/doaywchwk/image/upload/v1584022078/udsgutkgkneh6xxkl2zq.jpg'),(41,'http://res.cloudinary.com/doaywchwk/image/upload/v1584022079/cxj3vepqc3naphxqfl5l.jpg'),(41,'http://res.cloudinary.com/doaywchwk/image/upload/v1584022081/gggigxuvia7ofgokqvea.jpg'),(41,'http://res.cloudinary.com/doaywchwk/image/upload/v1584022083/stad3joxc0vvxhdftlu6.jpg'),(41,'http://res.cloudinary.com/doaywchwk/image/upload/v1584022084/bdff5vzutawvcseij5yw.jpg'),(41,'http://res.cloudinary.com/doaywchwk/image/upload/v1584022086/vtnul7ily1xwsbkbzntk.jpg'),(41,'http://res.cloudinary.com/doaywchwk/image/upload/v1584022088/yv5czuzboquhayicg4uo.jpg'),(42,'http://res.cloudinary.com/doaywchwk/image/upload/v1584022099/kksgb4azs8axfcumcxhg.jpg'),(42,'http://res.cloudinary.com/doaywchwk/image/upload/v1584022100/ixzibimuaopwiazorcc9.jpg'),(42,'http://res.cloudinary.com/doaywchwk/image/upload/v1584022102/tlc7l5fdxmvtv02mwxjm.jpg'),(42,'http://res.cloudinary.com/doaywchwk/image/upload/v1584022104/ipwapfl1l3ed6fkktj2z.jpg'),(42,'http://res.cloudinary.com/doaywchwk/image/upload/v1584022105/wh1ro63rrulmtoowzcgu.jpg'),(42,'http://res.cloudinary.com/doaywchwk/image/upload/v1584022108/fusxqwjdvydw4fc5jgip.jpg'),(42,'http://res.cloudinary.com/doaywchwk/image/upload/v1584022110/cijwusnlgskfulcjv93o.jpg'),(42,'http://res.cloudinary.com/doaywchwk/image/upload/v1584022111/dg5kbloh0pt2rsbye1oi.jpg'),(42,'http://res.cloudinary.com/doaywchwk/image/upload/v1584022113/owlgiblniqesbvgmd0wm.jpg'),(42,'http://res.cloudinary.com/doaywchwk/image/upload/v1584022116/cubgpzuv84ygt4cefo8t.jpg'),(43,'http://res.cloudinary.com/doaywchwk/image/upload/v1584022125/qhgdhmumvwn2pulbqbvr.jpg'),(43,'http://res.cloudinary.com/doaywchwk/image/upload/v1584022127/p4pysx34nqxzashrlfeg.jpg'),(43,'http://res.cloudinary.com/doaywchwk/image/upload/v1584022129/c5lfo5ypumaiuqqjugdm.jpg'),(43,'http://res.cloudinary.com/doaywchwk/image/upload/v1584022130/rbrimmz2xd42ijmqwy0h.jpg'),(44,'http://res.cloudinary.com/doaywchwk/image/upload/v1584022138/nfthdwo7fsb7qm0uadqg.jpg'),(44,'http://res.cloudinary.com/doaywchwk/image/upload/v1584022139/dvlzr8g5tiwwvdtrksza.jpg'),(44,'http://res.cloudinary.com/doaywchwk/image/upload/v1584022143/lxoh6zkuzcncy3pik8lv.jpg'),(44,'http://res.cloudinary.com/doaywchwk/image/upload/v1584022144/vyqsri7wck0qqzo5twk0.jpg'),(44,'http://res.cloudinary.com/doaywchwk/image/upload/v1584022146/gmo3jvrtcumlzdxdykcv.jpg'),(44,'http://res.cloudinary.com/doaywchwk/image/upload/v1584022148/prlbxnbetxn2mzxblc7u.jpg'),(44,'http://res.cloudinary.com/doaywchwk/image/upload/v1584022150/dd1rtpenh63dvcolzcv4.jpg'),(44,'http://res.cloudinary.com/doaywchwk/image/upload/v1584022152/giuo4gomce0i13hf7srm.jpg'),(44,'http://res.cloudinary.com/doaywchwk/image/upload/v1584022154/nknrxniweoopac35tvys.jpg'),(44,'http://res.cloudinary.com/doaywchwk/image/upload/v1584022157/xz2qzfuohzddckjrtw8c.jpg'),(45,'http://res.cloudinary.com/doaywchwk/image/upload/v1584022169/sm63au93cumzcxybezfm.jpg'),(45,'http://res.cloudinary.com/doaywchwk/image/upload/v1584022171/iuy1kp8ntyio9beriuft.jpg'),(45,'http://res.cloudinary.com/doaywchwk/image/upload/v1584022173/pzzu28ja178xulhwyucj.jpg'),(45,'http://res.cloudinary.com/doaywchwk/image/upload/v1584022174/fpih508qdp4kt7ywqjnq.jpg'),(45,'http://res.cloudinary.com/doaywchwk/image/upload/v1584022176/pynvzrsrbr1jtigcvobw.jpg'),(45,'http://res.cloudinary.com/doaywchwk/image/upload/v1584022178/fpgspxnjpn93fxl9sv86.jpg'),(45,'http://res.cloudinary.com/doaywchwk/image/upload/v1584022180/h6la1fyjttvunmn2li7z.jpg'),(45,'http://res.cloudinary.com/doaywchwk/image/upload/v1584022182/bhnikeh6weyeptjozoi9.jpg'),(45,'http://res.cloudinary.com/doaywchwk/image/upload/v1584022183/ncw3nfnmiv2qzoatm5ut.jpg'),(45,'http://res.cloudinary.com/doaywchwk/image/upload/v1584022185/c61cmdzsbxmhxcfrqwlo.jpg'),(46,'http://res.cloudinary.com/doaywchwk/image/upload/v1584022190/z4jursgmavgdepnf35qk.jpg'),(46,'http://res.cloudinary.com/doaywchwk/image/upload/v1584022192/qaz2nqwvciuexhunnrq8.jpg'),(46,'http://res.cloudinary.com/doaywchwk/image/upload/v1584022194/cyya1fp6beggsk4mdah1.jpg'),(46,'http://res.cloudinary.com/doaywchwk/image/upload/v1584022196/b1z18msvgger6kypsqxn.jpg'),(46,'http://res.cloudinary.com/doaywchwk/image/upload/v1584022198/qyfq89c1xoznbytulwsn.jpg'),(46,'http://res.cloudinary.com/doaywchwk/image/upload/v1584022200/hxdijwtchh3dotvphzek.jpg'),(46,'http://res.cloudinary.com/doaywchwk/image/upload/v1584022202/yu9xcgb5xuufyvo57ho8.jpg'),(46,'http://res.cloudinary.com/doaywchwk/image/upload/v1584022203/ndij4alrzg4i333jdjvp.jpg'),(46,'http://res.cloudinary.com/doaywchwk/image/upload/v1584022205/rjfsggiq9v595d1gopbl.jpg'),(46,'http://res.cloudinary.com/doaywchwk/image/upload/v1584022207/fkct4injx0y0su6vmjjd.jpg'),(47,'http://res.cloudinary.com/doaywchwk/image/upload/v1584022211/pfba9e8utcygpm9rcl0v.jpg'),(47,'http://res.cloudinary.com/doaywchwk/image/upload/v1584022213/tldbitjfytuyzfcqwk6h.jpg'),(47,'http://res.cloudinary.com/doaywchwk/image/upload/v1584022215/ys64agtxrjzuu4stl69a.jpg'),(47,'http://res.cloudinary.com/doaywchwk/image/upload/v1584022217/tde2wi3jlxbk3tbfjtjd.jpg'),(47,'http://res.cloudinary.com/doaywchwk/image/upload/v1584022219/t6fvtfaefme5cynyrtes.jpg'),(47,'http://res.cloudinary.com/doaywchwk/image/upload/v1584022220/hx33x3py4u9ihzynk63u.jpg'),(47,'http://res.cloudinary.com/doaywchwk/image/upload/v1584022222/gqdh0w7zytbxaspi7lkh.jpg'),(47,'http://res.cloudinary.com/doaywchwk/image/upload/v1584022224/ku6aadaymq7pkrhtqjmy.jpg'),(47,'http://res.cloudinary.com/doaywchwk/image/upload/v1584022226/py4qis2x7arn3glpsnme.jpg'),(47,'http://res.cloudinary.com/doaywchwk/image/upload/v1584022227/ycclwgwyswvtxmlbb4hn.jpg'),(49,'http://res.cloudinary.com/doaywchwk/image/upload/v1584022270/mixbi8ogblvixheoj1i6.jpg'),(49,'http://res.cloudinary.com/doaywchwk/image/upload/v1584022272/sp1kbkfw5pqoigvrfp0y.jpg'),(49,'http://res.cloudinary.com/doaywchwk/image/upload/v1584022274/kkv0beo8soqh27kn2ixw.jpg'),(49,'http://res.cloudinary.com/doaywchwk/image/upload/v1584022276/thbdkfcmcn2e7fd4imyt.jpg'),(49,'http://res.cloudinary.com/doaywchwk/image/upload/v1584022279/tsadbwi7zks0ci6wwmav.jpg'),(49,'http://res.cloudinary.com/doaywchwk/image/upload/v1584022280/v3ib1nompq8epmknsh43.jpg'),(49,'http://res.cloudinary.com/doaywchwk/image/upload/v1584022282/dkk5blxbptgeuf0wuzng.jpg'),(50,'http://res.cloudinary.com/doaywchwk/image/upload/v1584022290/j7poj71omyd9tvejjgzm.jpg'),(50,'http://res.cloudinary.com/doaywchwk/image/upload/v1584022292/zov6yzj7so669lolwc5a.jpg'),(50,'http://res.cloudinary.com/doaywchwk/image/upload/v1584022294/uo0cjimvwlw7ul09eykv.jpg'),(50,'http://res.cloudinary.com/doaywchwk/image/upload/v1584022296/n4lv2tsdai3r5okedszi.jpg'),(1,'http://res.cloudinary.com/doaywchwk/image/upload/v1601625348/ghddxdo9mukw56uxsiif.jpg'),(1,'http://res.cloudinary.com/doaywchwk/image/upload/v1601625352/xyqwnet7b0n7pfcgdzfi.jpg'),(1,'http://res.cloudinary.com/doaywchwk/image/upload/v1601625356/fd3qjrwg1aqzwe7sinlr.jpg'),(1,'http://res.cloudinary.com/doaywchwk/image/upload/v1601625361/jqburr9rlhookl8d3kik.jpg'),(1,'http://res.cloudinary.com/doaywchwk/image/upload/v1601625373/qwac71rs3vj4pnkqmdvk.jpg'),(1,'http://res.cloudinary.com/doaywchwk/image/upload/v1601625378/dpsh6ywmznyukbis3wma.jpg'),(1,'http://res.cloudinary.com/doaywchwk/image/upload/v1601625385/rmiseyggbcufsy483bcu.jpg'),(1,'http://res.cloudinary.com/doaywchwk/image/upload/v1601625389/lpwzpyhwgogfejuvzs0n.jpg'),(1,'http://res.cloudinary.com/doaywchwk/image/upload/v1601625393/jv0l55g52mqrgbb1aokd.jpg'),(48,'http://res.cloudinary.com/doaywchwk/image/upload/v1601626360/gbf42swrmyvlfa0wl7gn.jpg'),(48,'http://res.cloudinary.com/doaywchwk/image/upload/v1601626365/v6mbmjsyhoqttxkpld23.jpg'),(48,'http://res.cloudinary.com/doaywchwk/image/upload/v1601626370/mel7vlsfmya9qvlu7kjk.jpg'),(48,'http://res.cloudinary.com/doaywchwk/image/upload/v1601626375/ifjekt7eispdkcyhnjn3.jpg'),(48,'http://res.cloudinary.com/doaywchwk/image/upload/v1601626380/ygchkw4az283cm6jgwuc.jpg'),(48,'http://res.cloudinary.com/doaywchwk/image/upload/v1601626385/wq38xvchirzbhvqti6jp.jpg'),(48,'http://res.cloudinary.com/doaywchwk/image/upload/v1601626392/lw9aln8jq7cyw8qmauxq.jpg'),(48,'http://res.cloudinary.com/doaywchwk/image/upload/v1601626398/wdjko7ggbhwhxy3amnt5.jpg'),(48,'http://res.cloudinary.com/doaywchwk/image/upload/v1601626404/kqsze8wloqxasfra5wt9.jpg'),(48,'http://res.cloudinary.com/doaywchwk/image/upload/v1601626412/co31mdlwqud5d3chgrpk.jpg'),(4,'http://res.cloudinary.com/doaywchwk/image/upload/v1601626610/qqjmpn5pjihyqje7ghih.jpg'),(4,'http://res.cloudinary.com/doaywchwk/image/upload/v1601626614/lzu3oas1kgrpn5mf0uy3.jpg'),(4,'http://res.cloudinary.com/doaywchwk/image/upload/v1601626617/go3mbhc4mme6myi8k7cl.jpg'),(4,'http://res.cloudinary.com/doaywchwk/image/upload/v1601626621/wjryq3z2iewzmcac5nhd.jpg'),(4,'http://res.cloudinary.com/doaywchwk/image/upload/v1601626624/qe0apyl4akfdn9huex5s.jpg'),(4,'http://res.cloudinary.com/doaywchwk/image/upload/v1601626628/xqz7jzzyoe9hf889aapo.jpg'),(4,'http://res.cloudinary.com/doaywchwk/image/upload/v1601626632/xnbulf9xxle1vjxtfgl5.jpg'),(4,'http://res.cloudinary.com/doaywchwk/image/upload/v1601626636/sirygym6gjn5vmqdhxuv.jpg'),(4,'http://res.cloudinary.com/doaywchwk/image/upload/v1601626640/hfodmvqt79f3wwu7fk5r.jpg'),(4,'http://res.cloudinary.com/doaywchwk/image/upload/v1601626644/ldb6vibscmry7ycnjuvi.jpg'),(4,'http://res.cloudinary.com/doaywchwk/image/upload/v1601626648/fvhsqznmfbh1ocdryctf.jpg'),(12,'http://res.cloudinary.com/doaywchwk/image/upload/v1601626717/pflgodw305zcedobkaj7.jpg'),(12,'http://res.cloudinary.com/doaywchwk/image/upload/v1601626722/zis1o7maetpglspfb44e.jpg'),(12,'http://res.cloudinary.com/doaywchwk/image/upload/v1601626725/astpcom4uacsrr3ibjmq.jpg'),(12,'http://res.cloudinary.com/doaywchwk/image/upload/v1601626728/bw7mxl7o6t596zpqw7qj.jpg'),(12,'http://res.cloudinary.com/doaywchwk/image/upload/v1601626732/xbasa6orjouyfap41dbn.jpg'),(12,'http://res.cloudinary.com/doaywchwk/image/upload/v1601626736/zdgwiavldbvtyw9flrti.jpg'),(12,'http://res.cloudinary.com/doaywchwk/image/upload/v1601626740/xrjb3s9mcwkqwkvwuaq4.jpg'),(12,'http://res.cloudinary.com/doaywchwk/image/upload/v1601626745/lbqkk3llfhlsjo71oehr.jpg'),(12,'http://res.cloudinary.com/doaywchwk/image/upload/v1601626748/oprnrjo01shcazgqyzyj.jpg'),(12,'http://res.cloudinary.com/doaywchwk/image/upload/v1601626752/sdbtvuwym34f8rl5bzfl.jpg'),(12,'http://res.cloudinary.com/doaywchwk/image/upload/v1601626756/udcuvja5y522c1xgpqno.jpg'),(12,'http://res.cloudinary.com/doaywchwk/image/upload/v1601626770/irhkxmljaxuxlzyvrlnr.jpg'),(2,'http://res.cloudinary.com/doaywchwk/image/upload/v1601626846/ogfblv0h4x27b3jxyw7j.jpg'),(2,'http://res.cloudinary.com/doaywchwk/image/upload/v1601626849/huriahapce99eiqfvarz.jpg'),(2,'http://res.cloudinary.com/doaywchwk/image/upload/v1601626852/own2nqwwqlrb6qpqoj2y.jpg'),(2,'http://res.cloudinary.com/doaywchwk/image/upload/v1601626856/ygghgp4kdliulldf2h7q.jpg'),(2,'http://res.cloudinary.com/doaywchwk/image/upload/v1601626860/bmynckrvich8rtpyydjq.jpg'),(2,'http://res.cloudinary.com/doaywchwk/image/upload/v1601626864/tizjlm0afbki1u0cl1tf.jpg'),(2,'http://res.cloudinary.com/doaywchwk/image/upload/v1601626869/rltnt36n29pvxdj5lcc3.jpg'),(2,'http://res.cloudinary.com/doaywchwk/image/upload/v1601626872/z0ubh5trrz2yhe75mixi.jpg'),(2,'http://res.cloudinary.com/doaywchwk/image/upload/v1601626880/pdvtwcrf9f7dwfbzkgxv.jpg'),(5,'http://res.cloudinary.com/doaywchwk/image/upload/v1601626950/as27ubl2xlhs3dccjjm7.jpg'),(5,'http://res.cloudinary.com/doaywchwk/image/upload/v1601626954/cna2bkwh7ynb3eqr9peo.jpg'),(5,'http://res.cloudinary.com/doaywchwk/image/upload/v1601626957/ilptqx8wegdyggrfy3vk.jpg'),(5,'http://res.cloudinary.com/doaywchwk/image/upload/v1601626960/p9kntujph7um81st60j8.jpg'),(5,'http://res.cloudinary.com/doaywchwk/image/upload/v1601626964/x05fgpvdoxs1ql6nbcue.jpg'),(5,'http://res.cloudinary.com/doaywchwk/image/upload/v1601626969/eu5xreff7igdsyzqjj8q.jpg'),(5,'http://res.cloudinary.com/doaywchwk/image/upload/v1601626973/hoo44scszjku4e7vhtnd.jpg'),(5,'http://res.cloudinary.com/doaywchwk/image/upload/v1601626976/u6dxzffgviaytnqpo0tv.jpg'),(5,'http://res.cloudinary.com/doaywchwk/image/upload/v1601626980/zj4l7zae4mncrmtsecsk.jpg'),(5,'http://res.cloudinary.com/doaywchwk/image/upload/v1601626983/oujizrwgzpz1ypck3tws.jpg'),(3,'http://res.cloudinary.com/doaywchwk/image/upload/v1601627052/kkbuvmg0lssbfkxjvsih.jpg'),(3,'http://res.cloudinary.com/doaywchwk/image/upload/v1601627055/mrt4mmvqpycit3n3s8gg.jpg'),(3,'http://res.cloudinary.com/doaywchwk/image/upload/v1601627059/xohuhksigk8rjznoshrn.jpg'),(3,'http://res.cloudinary.com/doaywchwk/image/upload/v1601627062/iedzejfzutppgdgmleq8.jpg'),(3,'http://res.cloudinary.com/doaywchwk/image/upload/v1601627067/tj8pvbzydhbhdijaoait.jpg'),(3,'http://res.cloudinary.com/doaywchwk/image/upload/v1601627071/ikyrpm0xi91n5emnyamq.jpg'),(3,'http://res.cloudinary.com/doaywchwk/image/upload/v1601627074/gwwf8ryqyevp482rpssc.jpg'),(3,'http://res.cloudinary.com/doaywchwk/image/upload/v1601627078/j8xilbbndwabcbgwbgly.jpg'),(3,'http://res.cloudinary.com/doaywchwk/image/upload/v1601627082/iu6kht0hxub4vlvtb7pi.jpg'),(3,'http://res.cloudinary.com/doaywchwk/image/upload/v1601627085/kf72ihn6b39qnag5m18m.jpg'),(10,'http://res.cloudinary.com/doaywchwk/image/upload/v1601627134/umeqxqw8kpaszcbvisbl.jpg'),(10,'http://res.cloudinary.com/doaywchwk/image/upload/v1601627137/njvcmf05celw23crxagx.jpg'),(10,'http://res.cloudinary.com/doaywchwk/image/upload/v1601627140/hmjwguts5yhnvr7oulak.jpg'),(10,'http://res.cloudinary.com/doaywchwk/image/upload/v1601627144/sbj4h8ifld9wsiwppx4e.jpg'),(10,'http://res.cloudinary.com/doaywchwk/image/upload/v1601627147/gusrwz0tbtktqlvtjbry.jpg'),(10,'http://res.cloudinary.com/doaywchwk/image/upload/v1601627151/q2e11vrd7v1qyzjdyyem.jpg'),(10,'http://res.cloudinary.com/doaywchwk/image/upload/v1601627155/boaqfdyvm91gpyih0y9p.jpg'),(10,'http://res.cloudinary.com/doaywchwk/image/upload/v1601627158/nmdlmum0p8uv0vi5klu4.jpg'),(10,'http://res.cloudinary.com/doaywchwk/image/upload/v1601627162/mkmnipkkiu173qmpih9f.jpg'),(10,'http://res.cloudinary.com/doaywchwk/image/upload/v1601627166/jcmh6rxchixm43e7op6d.jpg'),(10,'http://res.cloudinary.com/doaywchwk/image/upload/v1601627170/tvsujfeuoehi9dujcubg.jpg'),(10,'http://res.cloudinary.com/doaywchwk/image/upload/v1601627173/nflsflqzcdty6wdsoqdx.jpg'),(6,'http://res.cloudinary.com/doaywchwk/image/upload/v1601627231/qvo5nfp99jnkiund3vy0.jpg'),(6,'http://res.cloudinary.com/doaywchwk/image/upload/v1601627234/vnjecvv4ma5eo0d6skch.jpg'),(6,'http://res.cloudinary.com/doaywchwk/image/upload/v1601627237/o1jjgl4gxsrpyatm66uq.jpg'),(6,'http://res.cloudinary.com/doaywchwk/image/upload/v1601627240/mttrddlssqraf26vo4dy.jpg'),(6,'http://res.cloudinary.com/doaywchwk/image/upload/v1601627243/azsyepnnnbflwrwvpbfh.jpg'),(6,'http://res.cloudinary.com/doaywchwk/image/upload/v1601627247/b7pfdgytposb41htzw88.jpg'),(6,'http://res.cloudinary.com/doaywchwk/image/upload/v1601627251/k2sxjxtgyw3vhjgatgf1.jpg'),(6,'http://res.cloudinary.com/doaywchwk/image/upload/v1601627255/tz4motvosxtkxaceabxo.jpg'),(6,'http://res.cloudinary.com/doaywchwk/image/upload/v1601627259/c0trbyri2thhm5ljhi6d.jpg'),(6,'http://res.cloudinary.com/doaywchwk/image/upload/v1601627263/spncvao8i5yacplkiaek.jpg'),(6,'http://res.cloudinary.com/doaywchwk/image/upload/v1601627268/bafli2cghhjcjre3gxw9.jpg'),(6,'http://res.cloudinary.com/doaywchwk/image/upload/v1601627271/rcptphixal2j0etc0kds.jpg'),(24,'http://res.cloudinary.com/doaywchwk/image/upload/v1601627333/bhulggtgqo4vjnpz97zg.jpg'),(24,'http://res.cloudinary.com/doaywchwk/image/upload/v1601627337/ycnapovu3wdtugwisuoi.jpg'),(24,'http://res.cloudinary.com/doaywchwk/image/upload/v1601627340/vbhpqafid1mlnaxupnod.jpg'),(24,'http://res.cloudinary.com/doaywchwk/image/upload/v1601627343/aa8nhz51ygdm8s3nfs9k.jpg'),(24,'http://res.cloudinary.com/doaywchwk/image/upload/v1601627347/ise1sof5bbwvpluwiylb.jpg'),(24,'http://res.cloudinary.com/doaywchwk/image/upload/v1601627351/nh7h4jrdosjtc1zezwsc.jpg'),(24,'http://res.cloudinary.com/doaywchwk/image/upload/v1601627355/oamzq5vjcuf7wbncwmkp.jpg'),(24,'http://res.cloudinary.com/doaywchwk/image/upload/v1601627359/o8tqecmh9dwyubela7vs.jpg'),(24,'http://res.cloudinary.com/doaywchwk/image/upload/v1601627363/vfxkuskjkxykqiwdreh8.jpg'),(24,'http://res.cloudinary.com/doaywchwk/image/upload/v1601627369/cs2s5dlnkhefzgozqtmm.jpg'),(24,'http://res.cloudinary.com/doaywchwk/image/upload/v1601627377/knfuqlmimnyxq9h8jbnt.jpg'),(24,'http://res.cloudinary.com/doaywchwk/image/upload/v1601627382/ybnhix7m48nztm5cdlt1.jpg');
/*!40000 ALTER TABLE `hotel_hotel_image_urls` ENABLE KEYS */;
UNLOCK TABLES;

--
-- Table structure for table `room`
--

DROP TABLE IF EXISTS `room`;
/*!40101 SET @saved_cs_client     = @@character_set_client */;
/*!50503 SET character_set_client = utf8mb4 */;
CREATE TABLE `room` (
  `id` bigint(20) NOT NULL AUTO_INCREMENT,
  `description` text,
  `number_of_beds` int(11) DEFAULT NULL,
  `price_per_night` double DEFAULT NULL,
  `room_area` int(11) DEFAULT NULL,
  `room_image_url` varchar(255) DEFAULT NULL,
  `room_name` varchar(200) NOT NULL,
  `room_type` varchar(255) DEFAULT NULL,
  `hotel_id` bigint(20) DEFAULT NULL,
  PRIMARY KEY (`id`),
  KEY `FKdosq3ww4h9m2osim6o0lugng8` (`hotel_id`),
  CONSTRAINT `FKdosq3ww4h9m2osim6o0lugng8` FOREIGN KEY (`hotel_id`) REFERENCES `hotel` (`id`)
) ENGINE=InnoDB AUTO_INCREMENT=179 DEFAULT CHARSET=utf8;
/*!40101 SET character_set_client = @saved_cs_client */;

--
-- Dumping data for table `room`
--

LOCK TABLES `room` WRITE;
/*!40000 ALTER TABLE `room` DISABLE KEYS */;
INSERT INTO `room` VALUES (1,'A szoba keleti fekvésű és erkéllyel rendelkezik. Kényelmes elhelyezést biztosít két fő számára szép kilátással.',2,21100,18,'http://res.cloudinary.com/doaywchwk/image/upload/v1584021123/sy1guk8o0mo2wcys75vq.jpg','Légkondicionált Superior franciaágyas szoba','KETAGYASSZOBA',1),(2,'A szoba keleti fekvésű és erkéllyel rendelkezik. Kényelmes elhelyezést biztosít két fő számára szép kilátással.',2,25200,18,'http://res.cloudinary.com/doaywchwk/image/upload/v1584021124/xhwcici966iuaiqmr07z.jpg','Emeleti Superior kétágyas szoba','KETAGYASSZOBA',1),(3,'Az egyágyas szoba az egyedül utazó vendégeink részére biztosít elhelyezést.',1,11000,15,'http://res.cloudinary.com/doaywchwk/image/upload/v1584021126/g51pvqdxlksd6zdcnsl1.jpg','Fürdőszobás Economy egyágyas szoba','EGYAGYASSZOBA',1),(4,'A szoba keleti fekvésű és erkéllyel rendelkezik. Kényelmes elhelyezést biztosít két fő számára szép kilátással.',2,26900,16,'http://res.cloudinary.com/doaywchwk/image/upload/v1584021127/dm6yxmb24u9t4atceqob.jpg','Fürdőszobás Economy kétágyas szoba','KETAGYASSZOBA',1),(5,'A szobában három teljes értékű ágy található. A szobához felár ellenében klíma is igényelhető!',3,24700,20,'http://res.cloudinary.com/doaywchwk/image/upload/v1584021129/cxsskti7j8o1smmbccgb.jpg','Emeleti Economy háromágyas szoba','HAROMAGYASSZOBA',1),(6,'A szoba keleti fekvésű és erkéllyel rendelkezik. Kényelmes elhelyezést biztosít két fő számára szép kilátással.',2,16100,16,'http://res.cloudinary.com/doaywchwk/image/upload/v1584021131/lncnhnjqkkctrwqrbk9q.jpg','Fürdőszobás Economy franciaágyas szoba','KETAGYASSZOBA',1),(7,'Az egyágyas szoba az egyedül utazó vendégeink részére biztosít elhelyezést.',1,21300,18,'http://res.cloudinary.com/doaywchwk/image/upload/v1584021132/tg1b4htcor9545yhhb1n.jpg','Légkondicionált Superior egyágyas szoba','EGYAGYASSZOBA',1),(8,'Egy hálószoba és egy nappali szolgálja vendégeink kényelmes pihenését. A szoba erkéllyel rendelkezik.',3,38400,30,'http://res.cloudinary.com/doaywchwk/image/upload/v1584021135/nrm2w5l219e7o3bii6xl.jpg','Emeleti Superior 3 fős apartman 1 hálótérrel','APARTMAN',1),(9,'Az egyágyas szoba az egyedül utazó vendégeink részére biztosít elhelyezést.',1,18400,18,'http://res.cloudinary.com/doaywchwk/image/upload/v1584021154/pmgh2jt95w9yqlopl4yl.jpg','Egyágyas szoba','EGYAGYASSZOBA',2),(10,'A tetőtéri kialakítású szoba kellemes pihenést biztosít szép kilátással.',3,34200,25,'http://res.cloudinary.com/doaywchwk/image/upload/v1584021156/uoc7cf7bc4qjmdxjxcgc.jpg','Standard háromágyas szoba','STUDIO',2),(11,'A szoba keleti fekvésű és erkéllyel rendelkezik. Kényelmes elhelyezést biztosít két fő számára szép kilátással.',2,16400,22,'http://res.cloudinary.com/doaywchwk/image/upload/v1584021158/daygborzm0uaqhsp428r.jpg','Superior kétágyas szoba','KETAGYASSZOBA',2),(12,'A szoba keleti fekvésű és erkéllyel rendelkezik. Kényelmes elhelyezést biztosít két fő számára szép kilátással.',2,20300,22,'http://res.cloudinary.com/doaywchwk/image/upload/v1584021159/p40x0jphdskzacgolfrq.jpg','Standard franciaágyas szoba','KETAGYASSZOBA',2),(13,'A szoba keleti fekvésű és erkéllyel rendelkezik. Kényelmes elhelyezést biztosít két fő számára szép kilátással.',2,13900,22,'http://res.cloudinary.com/doaywchwk/image/upload/v1584021161/zzzghkw0gonp7my4y0am.jpg','Superior franciaágyas szoba','KETAGYASSZOBA',2),(14,'A tetőtéri kialakítású szoba kellemes pihenést biztosít szép kilátással.',2,31100,22,'http://res.cloudinary.com/doaywchwk/image/upload/v1584021163/yhr8k8dbzs7sjo4mkvgw.jpg','Standard kétágyas szoba','STUDIO',2),(15,'Az egyágyas szoba az egyedül utazó vendégeink részére biztosít elhelyezést.',1,21100,22,'http://res.cloudinary.com/doaywchwk/image/upload/v1584021184/mnabk8wbgui188iihaon.jpg','Fürdőszobás egyágyas szoba','EGYAGYASSZOBA',3),(16,'A tetőtéri kialakítású szoba kellemes pihenést biztosít szép kilátással.',3,30500,22,'http://res.cloudinary.com/doaywchwk/image/upload/v1584021186/l6io54anz70zmgfamoy8.jpg','Standard háromágyas szoba','STUDIO',3),(17,'A tetőtéri kialakítású szoba kellemes pihenést biztosít szép kilátással.',2,31800,15,'http://res.cloudinary.com/doaywchwk/image/upload/v1584021188/wptqznpionw0qpfru4dy.jpg','Standard franciaágyas szoba','STUDIO',3),(18,'A szoba keleti fekvésű és erkéllyel rendelkezik. Kényelmes elhelyezést biztosít két fő számára szép kilátással.',2,17100,15,'http://res.cloudinary.com/doaywchwk/image/upload/v1584021190/dqqkiaz1c2m3kbqfzmrv.jpg','Standard kétágyas szoba','KETAGYASSZOBA',3),(19,'A szobában három teljes értékű ágy található. A szobához felár ellenében klíma is igényelhető!',3,13800,18,'http://res.cloudinary.com/doaywchwk/image/upload/v1584021210/sorwydgorijpu5wehbqf.jpg','Udvarra néző Standard háromágyas szoba','HAROMAGYASSZOBA',4),(20,'Egy hálószoba és egy nappali szolgálja vendégeink kényelmes pihenését. A szoba erkéllyel rendelkezik.',4,45100,20,'http://res.cloudinary.com/doaywchwk/image/upload/v1584021212/opscnsbfyysqqtlsxut5.jpg','Udvarra néző Family négyágyas szoba','APARTMAN',4),(21,'A szoba keleti fekvésű és erkéllyel rendelkezik. Kényelmes elhelyezést biztosít két fő számára szép kilátással.',2,26200,16,'http://res.cloudinary.com/doaywchwk/image/upload/v1584021214/ewrhufg1bjs8axdkifi5.jpg','Udvarra néző Standard kétágyas szoba','KETAGYASSZOBA',4),(22,'A szoba keleti fekvésű és erkéllyel rendelkezik. Kényelmes elhelyezést biztosít két fő számára szép kilátással.',2,15400,16,'http://res.cloudinary.com/doaywchwk/image/upload/v1584021215/nuupb5o6nsfw66bgnti2.jpg','Udvarra néző Standard franciaágyas szoba','KETAGYASSZOBA',4),(23,'A szobában három teljes értékű ágy található. A szobához felár ellenében klíma is igényelhető!',3,27100,25,'http://res.cloudinary.com/doaywchwk/image/upload/v1584021235/tdcnxc3hjb0kfnsqxaat.jpg','Fürdőszobás Standard háromágyas szoba','HAROMAGYASSZOBA',5),(24,'A szoba keleti fekvésű és erkéllyel rendelkezik. Kényelmes elhelyezést biztosít két fő számára szép kilátással.',2,21000,26,'http://res.cloudinary.com/doaywchwk/image/upload/v1584021237/j0xn6hvenu1zzlqvrc8d.jpg','Kertre néző Superior franciaágyas szoba','KETAGYASSZOBA',5),(25,'A szoba keleti fekvésű és erkéllyel rendelkezik. Kényelmes elhelyezést biztosít két fő számára szép kilátással.',2,16600,20,'http://res.cloudinary.com/doaywchwk/image/upload/v1584021239/c0octm8ebkc0e6cwlldn.jpg','Városra néző Standard franciaágyas szoba','KETAGYASSZOBA',5),(26,'A szoba keleti fekvésű és erkéllyel rendelkezik. Kényelmes elhelyezést biztosít két fő számára szép kilátással.',2,26200,20,'http://res.cloudinary.com/doaywchwk/image/upload/v1584021241/bqcoplwfnlj1nco8nyc4.jpg','Városra néző Standard kétágyas szoba','KETAGYASSZOBA',5),(27,'Egy hálószoba és egy nappali szolgálja vendégeink kényelmes pihenését. A szoba erkéllyel rendelkezik.',4,45400,50,'http://res.cloudinary.com/doaywchwk/image/upload/v1584021260/lsbue4hcuffmccbqam8o.jpg','Erkélyes Superior 4 fős apartman 2 hálótérrel','APARTMAN',6),(28,'Egy hálószoba és egy nappali szolgálja vendégeink kényelmes pihenését. A szoba erkéllyel rendelkezik.',6,53200,80,'http://res.cloudinary.com/doaywchwk/image/upload/v1584021262/he8bjuoquzeysczqh6pb.jpg','Erkélyes Family 6 fős apartman 3 hálótérrel','APARTMAN',6),(29,'A szoba keleti fekvésű és erkéllyel rendelkezik. Kényelmes elhelyezést biztosít két fő számára szép kilátással.',2,17800,20,'http://res.cloudinary.com/doaywchwk/image/upload/v1584021285/psfzdojdsw9zzmfhyknq.jpg','Fürdőszobás Studio franciaágyas szoba','KETAGYASSZOBA',7),(30,'Egy hálószoba és egy nappali szolgálja vendégeink kényelmes pihenését. A szoba erkéllyel rendelkezik.',4,34300,30,'http://res.cloudinary.com/doaywchwk/image/upload/v1584021322/uy28x5noe35ufefjmay0.jpg','Panorámás balkonos 4 fős apartman 1 hálótérrel','APARTMAN',8),(31,'A tetőtéri kialakítású szoba kellemes pihenést biztosít szép kilátással.',3,39600,18,'http://res.cloudinary.com/doaywchwk/image/upload/v1584021324/pgofvqng3b3aj6dpdswt.jpg','Family háromágyas szoba','STUDIO',8),(32,'A szoba keleti fekvésű és erkéllyel rendelkezik. Kényelmes elhelyezést biztosít két fő számára szép kilátással.',2,12800,14,'http://res.cloudinary.com/doaywchwk/image/upload/v1584021326/bprp1tjvbwijknjsjz7q.jpg','Légkondicionált Standard franciaágyas szoba','KETAGYASSZOBA',8),(33,'Egy hálószoba és egy nappali szolgálja vendégeink kényelmes pihenését. A szoba erkéllyel rendelkezik.',4,66400,60,'http://res.cloudinary.com/doaywchwk/image/upload/v1584021328/nsglggh15gvqlat4jasl.jpg','Folyóra néző Romantik 4 fős apartman 2 hálótérrel','APARTMAN',8),(34,'A szobában három teljes értékű ágy található. A szobához felár ellenében klíma is igényelhető!',3,21600,21,'http://res.cloudinary.com/doaywchwk/image/upload/v1584021349/vxta4jw47b5liuilrczp.jpg','Emeleti Standard háromágyas szoba','HAROMAGYASSZOBA',9),(35,'A szoba keleti fekvésű és erkéllyel rendelkezik. Kényelmes elhelyezést biztosít két fő számára szép kilátással.',2,27200,16,'http://res.cloudinary.com/doaywchwk/image/upload/v1584021351/hyokkcrm8oyj92vrodvr.jpg','Emeleti Standard franciaágyas szoba','KETAGYASSZOBA',9),(36,'A szoba keleti fekvésű és erkéllyel rendelkezik. Kényelmes elhelyezést biztosít két fő számára szép kilátással.',2,14200,16,'http://res.cloudinary.com/doaywchwk/image/upload/v1584021353/fjvpr25hnulmpwraoaec.jpg','Emeleti Standard kétágyas szoba','KETAGYASSZOBA',9),(37,'Egy hálószoba és egy nappali szolgálja vendégeink kényelmes pihenését. A szoba erkéllyel rendelkezik.',6,56500,65,'http://res.cloudinary.com/doaywchwk/image/upload/v1584021372/jqfdzwc1p8brtpznqxwl.jpg','Erkélyes Családi 6 fős apartman 3 hálótérrel','APARTMAN',10),(38,'Egy hálószoba és egy nappali szolgálja vendégeink kényelmes pihenését. A szoba erkéllyel rendelkezik.',4,34500,42,'http://res.cloudinary.com/doaywchwk/image/upload/v1584021373/krjoqzoefwzkgmsfru69.jpg','Emeleti Premium 4 fős apartman 2 hálótérrel','APARTMAN',10),(39,'Egy hálószoba és egy nappali szolgálja vendégeink kényelmes pihenését. A szoba erkéllyel rendelkezik.',4,43100,30,'http://res.cloudinary.com/doaywchwk/image/upload/v1584021387/mqurwrxhrtrhy9pdfhad.jpg','Városra néző Family 4 fős apartman 2 hálótérrel','APARTMAN',11),(40,'Egy hálószoba és egy nappali szolgálja vendégeink kényelmes pihenését. A szoba erkéllyel rendelkezik.',2,28800,20,'http://res.cloudinary.com/doaywchwk/image/upload/v1584021389/ir3q8xrb392e8b2yotav.jpg','Városra néző Studio 2 fős apartman 1 hálótérrel','APARTMAN',11),(41,'A szobában három teljes értékű ágy található. A szobához felár ellenében klíma is igényelhető!',3,18400,15,'http://res.cloudinary.com/doaywchwk/image/upload/v1584021413/qgdcbpftfxfmt5rrfrb2.jpg','Hegyekre néző udvarra néző háromágyas szoba','HAROMAGYASSZOBA',12),(42,'A szoba keleti fekvésű és erkéllyel rendelkezik. Kényelmes elhelyezést biztosít két fő számára szép kilátással.',2,20500,12,'http://res.cloudinary.com/doaywchwk/image/upload/v1584021415/mpc0lrjmandjbo6vimqz.jpg','Hegyekre néző udvarra néző kétágyas szoba','KETAGYASSZOBA',12),(43,'Az egyágyas szoba az egyedül utazó vendégeink részére biztosít elhelyezést.',1,18900,10,'http://res.cloudinary.com/doaywchwk/image/upload/v1584021417/cgcua4cvi037zmfpvots.jpg','Hegyekre néző udvarra néző egyágyas szoba','EGYAGYASSZOBA',12),(44,'A szobában három teljes értékű ágy található. A szobához felár ellenében klíma is igényelhető!',3,28800,24,'http://res.cloudinary.com/doaywchwk/image/upload/v1584021441/u6l2olgm2spn3mbtgq2d.jpg','Emeleti Komfort háromágyas szoba','HAROMAGYASSZOBA',13),(45,'Egy hálószoba és egy nappali szolgálja vendégeink kényelmes pihenését. A szoba erkéllyel rendelkezik.',4,44900,50,'http://res.cloudinary.com/doaywchwk/image/upload/v1584021443/hxvpgtzzaelzturm2qkp.jpg','Komfort 4 fős lakosztály 2 hálótérrel','APARTMAN',13),(46,'A tetőtéri kialakítású szoba kellemes pihenést biztosít szép kilátással.',4,34100,30,'http://res.cloudinary.com/doaywchwk/image/upload/v1584021445/qgze8bjy7w4uurgzgdtp.jpg','Superior Családi négyágyas szoba','STUDIO',13),(47,'A szoba keleti fekvésű és erkéllyel rendelkezik. Kényelmes elhelyezést biztosít két fő számára szép kilátással.',2,19100,18,'http://res.cloudinary.com/doaywchwk/image/upload/v1584021447/nj0x8ymwmn0uj7ukswus.jpg','Balkonos Superior franciaágyas szoba','KETAGYASSZOBA',13),(48,'A szoba keleti fekvésű és erkéllyel rendelkezik. Kényelmes elhelyezést biztosít két fő számára szép kilátással.',2,14700,20,'http://res.cloudinary.com/doaywchwk/image/upload/v1584021449/lrsxf58b1j3smou4g3nr.jpg','Superior franciaágyas szoba','KETAGYASSZOBA',13),(49,'A szoba keleti fekvésű és erkéllyel rendelkezik. Kényelmes elhelyezést biztosít két fő számára szép kilátással.',2,13800,18,'http://res.cloudinary.com/doaywchwk/image/upload/v1584021451/udcqoxm6zivpubflafcs.jpg','Economy kétágyas szoba','KETAGYASSZOBA',13),(50,'A szoba keleti fekvésű és erkéllyel rendelkezik. Kényelmes elhelyezést biztosít két fő számára szép kilátással.',2,29400,50,'http://res.cloudinary.com/doaywchwk/image/upload/v1584021453/jbcb3dyphntayytjnafx.jpg','Parkra néző teraszos 2 fős lakosztály 1 hálótérrel','KETAGYASSZOBA',13),(51,'A szoba keleti fekvésű és erkéllyel rendelkezik. Kényelmes elhelyezést biztosít két fő számára szép kilátással.',2,20600,21,'http://res.cloudinary.com/doaywchwk/image/upload/v1584021455/swlvm5akcwqzinlpurhl.jpg','Komfort kétágyas szoba','KETAGYASSZOBA',13),(52,'Egy hálószoba és egy nappali szolgálja vendégeink kényelmes pihenését. A szoba erkéllyel rendelkezik.',3,28800,25,'http://res.cloudinary.com/doaywchwk/image/upload/v1584021466/pd6wqklt9d85nbocfezo.jpg','Studio Silver 2 fős apartman 1 hálótérrel (pótágyazható)','APARTMAN',14),(53,'A szoba keleti fekvésű és erkéllyel rendelkezik. Kényelmes elhelyezést biztosít két fő számára szép kilátással.',2,24300,15,'http://res.cloudinary.com/doaywchwk/image/upload/v1584021489/l7dqjdhchxoooxd9oz5k.jpg','Fürdőszobás Standard egyágyas szoba (pótágyazható)','KETAGYASSZOBA',15),(54,'A tetőtéri kialakítású szoba kellemes pihenést biztosít szép kilátással.',3,30900,15,'http://res.cloudinary.com/doaywchwk/image/upload/v1584021491/s4tgwbi1jeodrtkpxy9y.jpg','Fürdőszobás Standard háromágyas szoba','STUDIO',15),(55,'A szobában három teljes értékű ágy található. A szobához felár ellenében klíma is igényelhető!',3,13000,15,'http://res.cloudinary.com/doaywchwk/image/upload/v1584021493/lezyq2gvrqlrx6wnsl6l.jpg','Fürdőszobás Standard franciaágyas szoba (pótágyazható)','HAROMAGYASSZOBA',15),(56,'Egy hálószoba és egy nappali szolgálja vendégeink kényelmes pihenését. A szoba erkéllyel rendelkezik.',6,65800,30,'http://res.cloudinary.com/doaywchwk/image/upload/v1584021517/esji26lzggy5qfli45ym.jpg','Family Családi 5 fős apartman 2 hálótérrel (pótágyazható)','APARTMAN',16),(57,'A szobában három teljes értékű ágy található. A szobához felár ellenében klíma is igényelhető!',3,22800,16,'http://res.cloudinary.com/doaywchwk/image/upload/v1584021519/goww2p8ntmadh5sr1mhz.jpg','Superior Queen franciaágyas szoba (pótágyazható)','HAROMAGYASSZOBA',16),(58,'Az egyágyas szoba az egyedül utazó vendégeink részére biztosít elhelyezést.',1,10800,12,'http://res.cloudinary.com/doaywchwk/image/upload/v1584021521/svul7r8s9b3pitshzr9k.jpg','Emeleti Standard egyágyas szoba','EGYAGYASSZOBA',16),(59,'A szobában három teljes értékű ágy található. A szobához felár ellenében klíma is igényelhető!',3,27700,17,'http://res.cloudinary.com/doaywchwk/image/upload/v1584021523/ba3h0mqt2dkhhjthnkue.jpg','Emeleti Standard háromágyas szoba','HAROMAGYASSZOBA',16),(60,'A szobában három teljes értékű ágy található. A szobához felár ellenében klíma is igényelhető!',3,18400,15,'http://res.cloudinary.com/doaywchwk/image/upload/v1584021526/pe9jifoyptrrcnxk9hjd.jpg','Tourist kétágyas szoba (pótágyazható)','HAROMAGYASSZOBA',16),(61,'A szoba keleti fekvésű és erkéllyel rendelkezik. Kényelmes elhelyezést biztosít két fő számára szép kilátással.',2,10600,18,'http://res.cloudinary.com/doaywchwk/image/upload/v1584021548/j8wnppcrfi6dtwpbk9jb.jpg','Zuhanyzós Standard kétágyas szoba','KETAGYASSZOBA',17),(62,'Egy hálószoba és egy nappali szolgálja vendégeink kényelmes pihenését. A szoba erkéllyel rendelkezik.',2,12300,20,'http://res.cloudinary.com/doaywchwk/image/upload/v1584021550/hxrbmj9f3s1guldr3dt8.jpg','Standard Family 2 fős apartman 1 hálótérrel','APARTMAN',17),(63,'Az egyágyas szoba az egyedül utazó vendégeink részére biztosít elhelyezést.',1,13400,15,'http://res.cloudinary.com/doaywchwk/image/upload/v1584021551/eevfybllt5smwxal4yz1.jpg','Standard egyágyas szoba','EGYAGYASSZOBA',17),(64,'A tágas szoba kényelmes elhelyezést biztosít az egész család számára.',4,21400,25,'http://res.cloudinary.com/doaywchwk/image/upload/v1584021553/aeggauie1squnid3xoex.jpg','Standard négyágyas szoba','NEGYAGYASSZOBA',17),(65,'A szobában három teljes értékű ágy található. A szobához felár ellenében klíma is igényelhető!',3,29300,20,'http://res.cloudinary.com/doaywchwk/image/upload/v1584021555/lwnruufamg9je8l61yhb.jpg','Standard Studio háromágyas szoba','HAROMAGYASSZOBA',17),(66,'Egy hálószoba és egy nappali szolgálja vendégeink kényelmes pihenését. A szoba erkéllyel rendelkezik.',6,42000,25,'http://res.cloudinary.com/doaywchwk/image/upload/v1584021557/wr91heyedjyemyxpq5p9.jpg','Standard Family 4 fős apartman 2 hálótérrel (pótágyazható)','APARTMAN',17),(67,'Egy hálószoba és egy nappali szolgálja vendégeink kényelmes pihenését. A szoba erkéllyel rendelkezik.',7,26400,21,'http://res.cloudinary.com/doaywchwk/image/upload/v1584021567/tkw6j5sccgyaslvytf6i.jpg','Superior Exclusive 6 fős apartman (pótágyazható)','APARTMAN',18),(68,'A tetőtéri kialakítású szoba kellemes pihenést biztosít szép kilátással.',3,31900,40,'http://res.cloudinary.com/doaywchwk/image/upload/v1584021584/fmueztg5yi4j25hyrctd.jpg','Kertre néző emeleti háromágyas szoba','STUDIO',19),(69,'Egy hálószoba és egy nappali szolgálja vendégeink kényelmes pihenését. A szoba erkéllyel rendelkezik.',4,60800,45,'http://res.cloudinary.com/doaywchwk/image/upload/v1584021586/yen3kbqm7wiyqdbuxnxm.jpg','Emeleti erkélyes 4 fős apartman 2 hálótérrel','APARTMAN',19),(70,'A szoba keleti fekvésű és erkéllyel rendelkezik. Kényelmes elhelyezést biztosít két fő számára szép kilátással.',2,17500,25,'http://res.cloudinary.com/doaywchwk/image/upload/v1584021588/mbjtsl4wr7jnmajbqm4n.jpg','Kertre néző fürdőszobás kétágyas szoba','KETAGYASSZOBA',19),(71,'Az egyágyas szoba az egyedül utazó vendégeink részére biztosít elhelyezést.',1,12100,22,'http://res.cloudinary.com/doaywchwk/image/upload/v1584021611/ca87ejuqzbkt814pqnhf.jpg','Városra néző Superior egyágyas szoba','EGYAGYASSZOBA',20),(72,'A szoba keleti fekvésű és erkéllyel rendelkezik. Kényelmes elhelyezést biztosít két fő számára szép kilátással.',2,22400,24,'http://res.cloudinary.com/doaywchwk/image/upload/v1584021613/kjoxalyvohcghxqn7js8.jpg','Városra néző Superior kétágyas szoba','KETAGYASSZOBA',20),(73,'A szobában három teljes értékű ágy található. A szobához felár ellenében klíma is igényelhető!',3,20000,24,'http://res.cloudinary.com/doaywchwk/image/upload/v1584021615/tw0gukdfw6yh2blg48te.jpg','Városra néző Superior kétágyas szoba (pótágyazható)','HAROMAGYASSZOBA',20),(74,'Egy hálószoba és egy nappali szolgálja vendégeink kényelmes pihenését. A szoba erkéllyel rendelkezik.',4,46200,45,'http://res.cloudinary.com/doaywchwk/image/upload/v1584021629/zr80lsixfmkbmixlyfrn.jpg','Kertre néző erkélyes 4 fős apartman 2 hálótérrel','APARTMAN',21),(75,'A tágas szoba kényelmes elhelyezést biztosít az egész család számára.',4,21900,30,'http://res.cloudinary.com/doaywchwk/image/upload/v1584021648/zlfp4nzme6hwtpkqlrsb.jpg','Kertre néző Family háromágyas szoba (pótágyazható)','NEGYAGYASSZOBA',22),(76,'Egy hálószoba és egy nappali szolgálja vendégeink kényelmes pihenését. A szoba erkéllyel rendelkezik.',4,49700,30,'http://res.cloudinary.com/doaywchwk/image/upload/v1584021649/dqpdjvcpm1kva3tty7gi.jpg','Városra néző Standard négyágyas szoba','APARTMAN',22),(77,'A tetőtéri kialakítású szoba kellemes pihenést biztosít szép kilátással.',2,30200,30,'http://res.cloudinary.com/doaywchwk/image/upload/v1584021652/snaenvpkyjpzvcijhy9g.jpg','Standard kétágyas szoba','STUDIO',22),(78,'A szoba keleti fekvésű és erkéllyel rendelkezik. Kényelmes elhelyezést biztosít két fő számára szép kilátással.',2,16500,30,'http://res.cloudinary.com/doaywchwk/image/upload/v1584021653/ndnfh2soevvf0uhk7dfm.jpg','Kertre néző emeleti egyágyas szoba (pótágyazható)','KETAGYASSZOBA',22),(79,'Egy hálószoba és egy nappali szolgálja vendégeink kényelmes pihenését. A szoba erkéllyel rendelkezik.',4,43800,36,'http://res.cloudinary.com/doaywchwk/image/upload/v1584021674/iap1du4nlmirbyzejvu1.jpg','Family négyágyas szoba','APARTMAN',23),(80,'A szobában három teljes értékű ágy található. A szobához felár ellenében klíma is igényelhető!',3,25400,25,'http://res.cloudinary.com/doaywchwk/image/upload/v1584021676/ou3mg72czgc3eihgld7k.jpg','Trip háromágyas szoba','HAROMAGYASSZOBA',23),(81,'A szoba keleti fekvésű és erkéllyel rendelkezik. Kényelmes elhelyezést biztosít két fő számára szép kilátással.',2,20600,35,'http://res.cloudinary.com/doaywchwk/image/upload/v1584021678/bnp6kfdaylooyzzi45fa.jpg','Superior franciaágyas szoba','KETAGYASSZOBA',23),(82,'A szoba keleti fekvésű és erkéllyel rendelkezik. Kényelmes elhelyezést biztosít két fő számára szép kilátással.',2,11400,18,'http://res.cloudinary.com/doaywchwk/image/upload/v1584021680/np4e3zx4vxmagelple56.jpg','Standard kétágyas szoba','KETAGYASSZOBA',23),(83,'Az egyágyas szoba az egyedül utazó vendégeink részére biztosít elhelyezést.',1,18500,18,'http://res.cloudinary.com/doaywchwk/image/upload/v1584021681/ajfjxjobyetmwk0ch8zo.jpg','Standard egyágyas szoba','EGYAGYASSZOBA',23),(84,'A szoba keleti fekvésű és erkéllyel rendelkezik. Kényelmes elhelyezést biztosít két fő számára szép kilátással.',2,25500,18,'http://res.cloudinary.com/doaywchwk/image/upload/v1584021683/hm4o6jgt2wic3vs5efj2.jpg','Standard franciaágyas szoba','KETAGYASSZOBA',23),(85,'Egy hálószoba és egy nappali szolgálja vendégeink kényelmes pihenését. A szoba erkéllyel rendelkezik.',2,38100,49,'http://res.cloudinary.com/doaywchwk/image/upload/v1584021703/gqbhb7zb0akraupluuws.jpg','Emeleti erkélyes 2 fős apartman 1 hálótérrel','APARTMAN',24),(86,'Egy hálószoba és egy nappali szolgálja vendégeink kényelmes pihenését. A szoba erkéllyel rendelkezik.',2,25100,50,'http://res.cloudinary.com/doaywchwk/image/upload/v1584021705/wnsi4ozf1mx9kobycein.jpg','Emeleti Standard 2 fős apartman 1 hálótérrel','APARTMAN',24),(87,'Egy hálószoba és egy nappali szolgálja vendégeink kényelmes pihenését. A szoba erkéllyel rendelkezik.',3,47400,64,'http://res.cloudinary.com/doaywchwk/image/upload/v1584021707/l7ofaqtajpfsgdkrjhte.jpg','Fürdőszobás Deluxe 2 fős apartman 1 hálótérrel (pótágyazható)','APARTMAN',24),(88,'Egy hálószoba és egy nappali szolgálja vendégeink kényelmes pihenését. A szoba erkéllyel rendelkezik.',2,37500,58,'http://res.cloudinary.com/doaywchwk/image/upload/v1584021710/dqrjanu5pi6yapcshzgm.jpg','Fürdőszobás Superior 2 fős apartman 1 hálótérrel','APARTMAN',24),(89,'Egy hálószoba és egy nappali szolgálja vendégeink kényelmes pihenését. A szoba erkéllyel rendelkezik.',4,37200,55,'http://res.cloudinary.com/doaywchwk/image/upload/v1584021712/h8lrmvzkzunsyav23729.jpg','Fürdőszobás Exclusive 2 fős apartman 1 hálótérrel (pótágyazható)','APARTMAN',24),(90,'Egy hálószoba és egy nappali szolgálja vendégeink kényelmes pihenését. A szoba erkéllyel rendelkezik.',3,34000,30,'http://res.cloudinary.com/doaywchwk/image/upload/v1584021734/c5ihovwwkd6uuj8s57y1.jpg','Erkélyes Superior 2 fős apartman 1 hálótérrel (pótágyazható)','APARTMAN',25),(91,'Egy hálószoba és egy nappali szolgálja vendégeink kényelmes pihenését. A szoba erkéllyel rendelkezik.',3,21400,30,'http://res.cloudinary.com/doaywchwk/image/upload/v1584021737/z507to3nnht7d3zoyi3a.jpg','Studio Superior 2 fős apartman 1 hálótérrel (pótágyazható)','APARTMAN',25),(92,'Egy hálószoba és egy nappali szolgálja vendégeink kényelmes pihenését. A szoba erkéllyel rendelkezik.',3,15100,25,'http://res.cloudinary.com/doaywchwk/image/upload/v1584021738/oveupb05xdqjsoq5yn2x.jpg','Erkélyes Studio 2 fős apartman 1 hálótérrel (pótágyazható)','APARTMAN',25),(93,'Egy hálószoba és egy nappali szolgálja vendégeink kényelmes pihenését. A szoba erkéllyel rendelkezik.',6,56200,80,'http://res.cloudinary.com/doaywchwk/image/upload/v1584021741/gwi9dxszktmusah6lufc.jpg','Standard Family 4 fős apartman 2 hálótérrel (pótágyazható)','APARTMAN',25),(94,'A tetőtéri kialakítású szoba kellemes pihenést biztosít szép kilátással.',3,39800,30,'http://res.cloudinary.com/doaywchwk/image/upload/v1584021743/j8du0laxa957fzh5cyrx.jpg','Studio franciaágyas szoba (pótágyazható)','STUDIO',25),(95,'Egy hálószoba és egy nappali szolgálja vendégeink kényelmes pihenését. A szoba erkéllyel rendelkezik.',4,46200,40,'http://res.cloudinary.com/doaywchwk/image/upload/v1584021744/saihovdslb7wj5ruqclx.jpg','Standard négyágyas szoba','APARTMAN',25),(96,'Egy hálószoba és egy nappali szolgálja vendégeink kényelmes pihenését. A szoba erkéllyel rendelkezik.',2,10600,-1,'http://res.cloudinary.com/doaywchwk/image/upload/v1584021757/wcbexoxub4klumy7xpgg.jpg','Kertre néző Komfort 2 fős apartman','APARTMAN',26),(97,'Egy hálószoba és egy nappali szolgálja vendégeink kényelmes pihenését. A szoba erkéllyel rendelkezik.',3,12700,20,'http://res.cloudinary.com/doaywchwk/image/upload/v1584021769/dxwrb5vrlojiwisljya0.jpg','Városra néző Standard 2 fős apartman 1 hálótérrel (pótágyazható)','APARTMAN',27),(98,'Egy hálószoba és egy nappali szolgálja vendégeink kényelmes pihenését. A szoba erkéllyel rendelkezik.',3,37500,20,'http://res.cloudinary.com/doaywchwk/image/upload/v1584021771/esouz8vdqujidgxiha2h.jpg','Emeleti Studio 3 fős apartman 1 hálótérrel','APARTMAN',27),(99,'Az egyágyas szoba az egyedül utazó vendégeink részére biztosít elhelyezést.',1,8400,18,'http://res.cloudinary.com/doaywchwk/image/upload/v1584021794/edolfoy8vsyzeidsokqu.jpg','Standard egyágyas szoba','EGYAGYASSZOBA',28),(100,'A szoba keleti fekvésű és erkéllyel rendelkezik. Kényelmes elhelyezést biztosít két fő számára szép kilátással.',2,26800,20,'http://res.cloudinary.com/doaywchwk/image/upload/v1584021796/vowrkbeo53govxivvwgd.jpg','Standard franciaágyas szoba','KETAGYASSZOBA',28),(101,'Egy hálószoba és egy nappali szolgálja vendégeink kényelmes pihenését. A szoba erkéllyel rendelkezik.',2,18700,20,'http://res.cloudinary.com/doaywchwk/image/upload/v1584021819/nqv1evpgf3khsqgtdgrr.jpg','Kertre néző fürdőszobás 2 fős apartman 1 hálótérrel','APARTMAN',29),(102,'Egy hálószoba és egy nappali szolgálja vendégeink kényelmes pihenését. A szoba erkéllyel rendelkezik.',3,30300,41,'http://res.cloudinary.com/doaywchwk/image/upload/v1584021835/xrm44dxgnkcrzv46dm81.jpg','Premium 3 fős apartman 2 hálótérrel','APARTMAN',30),(103,'Egy hálószoba és egy nappali szolgálja vendégeink kényelmes pihenését. A szoba erkéllyel rendelkezik.',4,34600,1,'http://res.cloudinary.com/doaywchwk/image/upload/v1584021856/hnndxftnjcqycsatafja.jpg','Superior 4 fős apartman 1 hálótérrel','APARTMAN',31),(104,'Egy hálószoba és egy nappali szolgálja vendégeink kényelmes pihenését. A szoba erkéllyel rendelkezik.',4,17900,1,'http://res.cloudinary.com/doaywchwk/image/upload/v1584021858/jwqgfxnaelpwtfspc1ox.jpg','Standard 4 fős apartman 2 hálótérrel','APARTMAN',31),(105,'A szoba keleti fekvésű és erkéllyel rendelkezik. Kényelmes elhelyezést biztosít két fő számára szép kilátással.',2,14100,22,'http://res.cloudinary.com/doaywchwk/image/upload/v1584021860/w6wg6as9p2nvlciawgtf.jpg','Superior kétágyas szoba','KETAGYASSZOBA',31),(106,'A szoba keleti fekvésű és erkéllyel rendelkezik. Kényelmes elhelyezést biztosít két fő számára szép kilátással.',2,29500,20,'http://res.cloudinary.com/doaywchwk/image/upload/v1584021862/cr9ay7v53oqdnu1l3nfx.jpg','Standard kétágyas szoba','KETAGYASSZOBA',31),(107,'Egy hálószoba és egy nappali szolgálja vendégeink kényelmes pihenését. A szoba erkéllyel rendelkezik.',6,58600,55,'http://res.cloudinary.com/doaywchwk/image/upload/v1584021884/inkz5gt8ifryhgakvyl3.jpg','Emeleti légkondicionált 6 fős apartman 2 hálótérrel','APARTMAN',32),(108,'Egy hálószoba és egy nappali szolgálja vendégeink kényelmes pihenését. A szoba erkéllyel rendelkezik.',3,20000,-1,'http://res.cloudinary.com/doaywchwk/image/upload/v1584021900/rqamlwetjeyju5rzo3n2.jpg','Kertre néző emeleti 3 fős apartman','APARTMAN',33),(109,'A tetőtéri kialakítású szoba kellemes pihenést biztosít szép kilátással.',4,39900,27,'http://res.cloudinary.com/doaywchwk/image/upload/v1584021922/q3psfgoy3pnk2adeurpc.jpg','Erkélyes Családi 4 fős lakosztály 2 hálótérrel','STUDIO',34),(110,'A szoba keleti fekvésű és erkéllyel rendelkezik. Kényelmes elhelyezést biztosít két fő számára szép kilátással.',2,22100,20,'http://res.cloudinary.com/doaywchwk/image/upload/v1584021924/dbgjprvuhxorkckwh8p9.jpg','Udvarra néző Standard kétágyas szoba','KETAGYASSZOBA',34),(111,'A szobában három teljes értékű ágy található. A szobához felár ellenében klíma is igényelhető!',3,19100,24,'http://res.cloudinary.com/doaywchwk/image/upload/v1584021925/pzbqyuzwklu9lmgytidw.jpg','Udvarra néző erkélyes franciaágyas szoba (pótágyazható)','HAROMAGYASSZOBA',34),(112,'A szoba keleti fekvésű és erkéllyel rendelkezik. Kényelmes elhelyezést biztosít két fő számára szép kilátással.',2,18500,20,'http://res.cloudinary.com/doaywchwk/image/upload/v1584021927/noaaveuxsgivd9wvqpb4.jpg','Zuhanyzós Standard franciaágyas szoba','KETAGYASSZOBA',34),(113,'A lakosztály eleganciát, tágas tereket és páratlan kényelmet kínál csodálatos kilátással.',1,106400,200,'http://res.cloudinary.com/doaywchwk/image/upload/v1584021943/v18sasfx9rdqaysvw1qh.jpg','Emeleti Exclusive 14 fős lakosztály 7 hálótérrel (pótágyazható)','LAKOSZTALY',35),(114,'Egy hálószoba és egy nappali szolgálja vendégeink kényelmes pihenését. A szoba erkéllyel rendelkezik.',5,45500,60,'http://res.cloudinary.com/doaywchwk/image/upload/v1584021945/cpgkbyvz7viynhgcikfv.jpg','Saját konyhával Családi 4 fős lakosztály 2 hálótérrel (pótágyazható)','APARTMAN',35),(115,'A szoba keleti fekvésű és erkéllyel rendelkezik. Kényelmes elhelyezést biztosít két fő számára szép kilátással.',2,13200,30,'http://res.cloudinary.com/doaywchwk/image/upload/v1584021946/hapdp56postkkadymoy2.jpg','Városra néző erkélyes 2 fős lakosztály 1 hálótérrel','KETAGYASSZOBA',35),(116,'A szoba keleti fekvésű és erkéllyel rendelkezik. Kényelmes elhelyezést biztosít két fő számára szép kilátással.',2,14600,20,'http://res.cloudinary.com/doaywchwk/image/upload/v1584021948/kkwmwmsn97mr0tt1cgp9.jpg','Légkondicionált Komfort franciaágyas szoba','KETAGYASSZOBA',35),(117,'A lakosztály eleganciát, tágas tereket és páratlan kényelmet kínál csodálatos kilátással.',4,51900,32,'http://res.cloudinary.com/doaywchwk/image/upload/v1584021971/ga6csswwwcyweg1hnbwa.jpg','Fürdőszobás légkondicionált kétágyas szoba (pótágyazható)','LAKOSZTALY',36),(118,'A szoba keleti fekvésű és erkéllyel rendelkezik. Kényelmes elhelyezést biztosít két fő számára szép kilátással.',2,15700,25,'http://res.cloudinary.com/doaywchwk/image/upload/v1584021991/uut32ctiw1fe2vdstwsq.jpg','Superior franciaágyas szoba','KETAGYASSZOBA',37),(119,'A tetőtéri kialakítású szoba kellemes pihenést biztosít szép kilátással.',3,34200,45,'http://res.cloudinary.com/doaywchwk/image/upload/v1584021993/v4ytmtkohoso7ha3tvud.jpg','Teraszos Premium 2 fős lakosztály 1 hálótérrel (pótágyazható)','STUDIO',37),(120,'A szoba keleti fekvésű és erkéllyel rendelkezik. Kényelmes elhelyezést biztosít két fő számára szép kilátással.',2,22800,25,'http://res.cloudinary.com/doaywchwk/image/upload/v1584021995/t3cfr7i4zhxxwrm0ubwt.jpg','Standard franciaágyas szoba','KETAGYASSZOBA',37),(121,'Egy hálószoba és egy nappali szolgálja vendégeink kényelmes pihenését. A szoba erkéllyel rendelkezik.',6,30600,51,'http://res.cloudinary.com/doaywchwk/image/upload/v1584022015/b24t9occj7xprztof9y7.jpg','Erkélyes Family 4 fős apartman 2 hálótérrel (pótágyazható)','APARTMAN',38),(122,'A tetőtéri kialakítású szoba kellemes pihenést biztosít szép kilátással.',3,34400,23,'http://res.cloudinary.com/doaywchwk/image/upload/v1584022017/uxo0rxlep0rgav9j0sdb.jpg','Erkélyes Deluxe kétágyas szoba (pótágyazható)','STUDIO',38),(123,'A szoba keleti fekvésű és erkéllyel rendelkezik. Kényelmes elhelyezést biztosít két fő számára szép kilátással.',2,17000,12,'http://res.cloudinary.com/doaywchwk/image/upload/v1584022038/pcgswb7cuzllmmvydncl.jpg','Fürdőszobás Standard kétágyas szoba','KETAGYASSZOBA',39),(124,'A szobában három teljes értékű ágy található. A szobához felár ellenében klíma is igényelhető!',3,24600,15,'http://res.cloudinary.com/doaywchwk/image/upload/v1584022040/sngbvskguqroqo29poni.jpg','Fürdőszobás Standard háromágyas szoba','HAROMAGYASSZOBA',39),(125,'A szoba keleti fekvésű és erkéllyel rendelkezik. Kényelmes elhelyezést biztosít két fő számára szép kilátással.',2,20400,15,'http://res.cloudinary.com/doaywchwk/image/upload/v1584022041/onkqy3ifk2zx2org7hgf.jpg','Fürdőszobás Standard franciaágyas szoba','KETAGYASSZOBA',39),(126,'A tetőtéri kialakítású szoba kellemes pihenést biztosít szép kilátással.',4,33000,15,'http://res.cloudinary.com/doaywchwk/image/upload/v1584022043/rlmkvn1nldki72drxdp2.jpg','Fürdőszobás Standard négyágyas szoba','STUDIO',39),(127,'Az egyágyas szoba az egyedül utazó vendégeink részére biztosít elhelyezést.',1,21400,10,'http://res.cloudinary.com/doaywchwk/image/upload/v1584022045/hg2fj0k3z5qpeiypkcvo.jpg','Fürdőszobás Standard egyágyas szoba','EGYAGYASSZOBA',39),(128,'A tetőtéri kialakítású szoba kellemes pihenést biztosít szép kilátással.',3,38700,25,'http://res.cloudinary.com/doaywchwk/image/upload/v1584022065/cxu2liqmfltiju8hjaky.jpg','Standard háromágyas szoba','STUDIO',40),(129,'A szoba keleti fekvésű és erkéllyel rendelkezik. Kényelmes elhelyezést biztosít két fő számára szép kilátással.',2,15900,20,'http://res.cloudinary.com/doaywchwk/image/upload/v1584022067/z1pzcdwcmlrtjgyyssqt.jpg','Panorámás Standard kétágyas szoba','KETAGYASSZOBA',40),(130,'Egy hálószoba és egy nappali szolgálja vendégeink kényelmes pihenését. A szoba erkéllyel rendelkezik.',3,33300,30,'http://res.cloudinary.com/doaywchwk/image/upload/v1584022070/mmus7lzd1soqjbn6ipur.jpg','Saját konyhával Studio 2 fős apartman 1 hálótérrel (pótágyazható)','APARTMAN',40),(131,'Egy hálószoba és egy nappali szolgálja vendégeink kényelmes pihenését. A szoba erkéllyel rendelkezik.',4,18400,43,'http://res.cloudinary.com/doaywchwk/image/upload/v1584022090/rldfixlg09t6ewyfrspq.jpg','Emeleti zuhanyzós 4 fős apartman 2 hálótérrel','APARTMAN',41),(132,'Egy hálószoba és egy nappali szolgálja vendégeink kényelmes pihenését. A szoba erkéllyel rendelkezik.',4,57600,42,'http://res.cloudinary.com/doaywchwk/image/upload/v1584022092/xpnxaukg2yjz1dhcrg0t.jpg','Emeleti fürdőszobás 3 fős apartman 1 hálótérrel (pótágyazható)','APARTMAN',41),(133,'Egy hálószoba és egy nappali szolgálja vendégeink kényelmes pihenését. A szoba erkéllyel rendelkezik.',3,42900,32,'http://res.cloudinary.com/doaywchwk/image/upload/v1584022093/zbp3ijx8gecd3b39v2fp.jpg','Fürdőszobás Manzárd 3 fős apartman 1 hálótérrel','APARTMAN',41),(134,'Egy hálószoba és egy nappali szolgálja vendégeink kényelmes pihenését. A szoba erkéllyel rendelkezik.',6,44100,60,'http://res.cloudinary.com/doaywchwk/image/upload/v1584022095/jcjyl6zdvkehfopulzkn.jpg','Emeleti fürdőszobás 6 fős apartman 2 hálótérrel','APARTMAN',41),(135,'Egy hálószoba és egy nappali szolgálja vendégeink kényelmes pihenését. A szoba erkéllyel rendelkezik.',6,55700,60,'http://res.cloudinary.com/doaywchwk/image/upload/v1584022096/aoq2qh4jcp0hdxwhyaji.jpg','Emeleti fürdőszobás 6 fős apartman 3 hálótérrel','APARTMAN',41),(136,'A szoba keleti fekvésű és erkéllyel rendelkezik. Kényelmes elhelyezést biztosít két fő számára szép kilátással.',2,14700,23,'http://res.cloudinary.com/doaywchwk/image/upload/v1584022117/a5npki6oty4qeo0syrsg.jpg','Superior franciaágyas szoba','KETAGYASSZOBA',42),(137,'A szoba keleti fekvésű és erkéllyel rendelkezik. Kényelmes elhelyezést biztosít két fő számára szép kilátással.',2,17800,15,'http://res.cloudinary.com/doaywchwk/image/upload/v1584022119/xpqphxoio7udenfrkvx8.jpg','Standard franciaágyas szoba','KETAGYASSZOBA',42),(138,'A szobában három teljes értékű ágy található. A szobához felár ellenében klíma is igényelhető!',3,27700,23,'http://res.cloudinary.com/doaywchwk/image/upload/v1584022121/dz7mezb4q3vg5zn6ebpw.jpg','Superior háromágyas szoba','HAROMAGYASSZOBA',42),(139,'Az egyágyas szoba az egyedül utazó vendégeink részére biztosít elhelyezést.',1,12700,10,'http://res.cloudinary.com/doaywchwk/image/upload/v1584022122/wimbauq8gcxiz4qc1miq.jpg','Standard egyágyas szoba','EGYAGYASSZOBA',42),(140,'Egy hálószoba és egy nappali szolgálja vendégeink kényelmes pihenését. A szoba erkéllyel rendelkezik.',4,18800,1,'http://res.cloudinary.com/doaywchwk/image/upload/v1584022132/e2sxble0jsjrdr3ehuhm.jpg','Földszinti Standard 4 fős apartman','APARTMAN',43),(141,'A szoba keleti fekvésű és erkéllyel rendelkezik. Kényelmes elhelyezést biztosít két fő számára szép kilátással.',2,23300,18,'http://res.cloudinary.com/doaywchwk/image/upload/v1584022134/vyz0prlym5l4m6styzm3.jpg','Fürdőszobás Standard franciaágyas szoba','KETAGYASSZOBA',43),(142,'Egy hálószoba és egy nappali szolgálja vendégeink kényelmes pihenését. A szoba erkéllyel rendelkezik.',6,56700,-1,'http://res.cloudinary.com/doaywchwk/image/upload/v1584022136/fpn6ehgqxvshaf6uzhnx.jpg','Emeleti Standard 6 fős apartman','APARTMAN',43),(143,'A szobában három teljes értékű ágy található. A szobához felár ellenében klíma is igényelhető!',3,27600,28,'http://res.cloudinary.com/doaywchwk/image/upload/v1584022158/kgkwahnqb8plpuxfmcnb.jpg','Fürdőszobás Classic háromágyas szoba','HAROMAGYASSZOBA',44),(144,'Egy hálószoba és egy nappali szolgálja vendégeink kényelmes pihenését. A szoba erkéllyel rendelkezik.',4,43300,30,'http://res.cloudinary.com/doaywchwk/image/upload/v1584022160/tofovm3qtnniun5vxjjd.jpg','Classic Családi 4 fős apartman 2 hálótérrel','APARTMAN',44),(145,'Ebben a szobában elférnek sokan',5,29900,30,'http://res.cloudinary.com/doaywchwk/image/upload/v1584022162/nsp4tyfoucowxfxj9as8.jpg','Classic Családi négyágyas szoba (pótágyazható)','TOBBAGYASSZOBA',44),(146,'A szoba keleti fekvésű és erkéllyel rendelkezik. Kényelmes elhelyezést biztosít két fő számára szép kilátással.',2,13700,25,'http://res.cloudinary.com/doaywchwk/image/upload/v1584022163/kbrrwzmjzbmrrgqct6im.jpg','Kertre néző Komfort franciaágyas szoba','KETAGYASSZOBA',44),(147,'A szoba keleti fekvésű és erkéllyel rendelkezik. Kényelmes elhelyezést biztosít két fő számára szép kilátással.',2,22900,25,'http://res.cloudinary.com/doaywchwk/image/upload/v1584022165/n9lxqqksfisyoozltgkt.jpg','Fürdőszobás Komfort kétágyas szoba','KETAGYASSZOBA',44),(148,'Egy hálószoba és egy nappali szolgálja vendégeink kényelmes pihenését. A szoba erkéllyel rendelkezik.',3,35900,30,'http://res.cloudinary.com/doaywchwk/image/upload/v1584022167/vhkzov7zccaault3jppj.jpg','Parkra néző Premium 3 fős apartman 2 hálótérrel','APARTMAN',44),(149,'Egy hálószoba és egy nappali szolgálja vendégeink kényelmes pihenését. A szoba erkéllyel rendelkezik.',4,51000,55,'http://res.cloudinary.com/doaywchwk/image/upload/v1584022188/nx1cepbynriizfy2qiop.jpg','Földszinti Komfort 4 fős apartman 2 hálótérrel','APARTMAN',45),(150,'Egy hálószoba és egy nappali szolgálja vendégeink kényelmes pihenését. A szoba erkéllyel rendelkezik.',4,31600,35,'http://res.cloudinary.com/doaywchwk/image/upload/v1584022209/o797j9m5dix9ncoxbjc6.jpg','Földszinti légkondicionált 4 fős apartman 1 hálótérrel','APARTMAN',46),(151,'Egy hálószoba és egy nappali szolgálja vendégeink kényelmes pihenését. A szoba erkéllyel rendelkezik.',3,31600,40,'http://res.cloudinary.com/doaywchwk/image/upload/v1584022229/zvwtsmh7athnmm3h7tpy.jpg','3 fős apartman 1 hálótérrel','APARTMAN',47),(152,'A szobában három teljes értékű ágy található. A szobához felár ellenében klíma is igényelhető!',3,23600,20,'http://res.cloudinary.com/doaywchwk/image/upload/v1584022230/ughmfhwicgjxqxwgswi7.jpg','Emeleti franciaágyas szoba (pótágyazható)','HAROMAGYASSZOBA',47),(153,'Egy hálószoba és egy nappali szolgálja vendégeink kényelmes pihenését. A szoba erkéllyel rendelkezik.',2,21000,20,'http://res.cloudinary.com/doaywchwk/image/upload/v1584022233/lsxqbxwtwydi62rbahew.jpg','2 fős apartman 1 hálótérrel','APARTMAN',47),(154,'A szoba keleti fekvésű és erkéllyel rendelkezik. Kényelmes elhelyezést biztosít két fő számára szép kilátással.',2,22700,25,'http://res.cloudinary.com/doaywchwk/image/upload/v1584022234/yyqmgyqew2tul9mmuxos.jpg','Emeleti fürdőszobás franciaágyas szoba','KETAGYASSZOBA',47),(155,'Egy hálószoba és egy nappali szolgálja vendégeink kényelmes pihenését. A szoba erkéllyel rendelkezik.',7,70500,21,'http://res.cloudinary.com/doaywchwk/image/upload/v1584022257/fwzgvdey3piy7xecxjxm.jpg','Emeleti Deluxe 7 fős apartman','APARTMAN',48),(156,'Egy hálószoba és egy nappali szolgálja vendégeink kényelmes pihenését. A szoba erkéllyel rendelkezik.',2,21400,33,'http://res.cloudinary.com/doaywchwk/image/upload/v1584022259/aew6abxzotervktpn7he.jpg','Légkondicionált saját konyhával 2 fős apartman 1 hálótérrel','APARTMAN',48),(157,'Egy hálószoba és egy nappali szolgálja vendégeink kényelmes pihenését. A szoba erkéllyel rendelkezik.',6,27000,80,'http://res.cloudinary.com/doaywchwk/image/upload/v1584022261/pinkqaci5iitcgwwhu1m.jpg','Deluxe 6 fős apartman 3 hálótérrel','APARTMAN',48),(158,'Egy hálószoba és egy nappali szolgálja vendégeink kényelmes pihenését. A szoba erkéllyel rendelkezik.',6,59300,60,'http://res.cloudinary.com/doaywchwk/image/upload/v1584022262/oxdtudhgev1nvrbiqxyd.jpg','Deluxe 6 fős apartman 2 hálótérrel','APARTMAN',48),(159,'Egy hálószoba és egy nappali szolgálja vendégeink kényelmes pihenését. A szoba erkéllyel rendelkezik.',8,104800,90,'http://res.cloudinary.com/doaywchwk/image/upload/v1584022264/qqe60okifadrny2tfczs.jpg','Deluxe 8 fős apartman 4 hálótérrel','APARTMAN',48),(160,'Egy hálószoba és egy nappali szolgálja vendégeink kényelmes pihenését. A szoba erkéllyel rendelkezik.',4,40000,50,'http://res.cloudinary.com/doaywchwk/image/upload/v1584022266/ehwhgrksto266hkbdx57.jpg','Deluxe Studio 4 fős apartman 1 hálótérrel','APARTMAN',48),(161,'Egy hálószoba és egy nappali szolgálja vendégeink kényelmes pihenését. A szoba erkéllyel rendelkezik.',4,24500,45,'http://res.cloudinary.com/doaywchwk/image/upload/v1584022268/kxfcxxtxjtvqqcpry5uw.jpg','Légkondicionált saját konyhával 4 fős apartman 2 hálótérrel','APARTMAN',48),(162,'A tetőtéri kialakítású szoba kellemes pihenést biztosít szép kilátással.',5,32900,45,'http://res.cloudinary.com/doaywchwk/image/upload/v1584022285/lhidv9wme8ipbtxji6mh.jpg','Erkélyes Family 5 fős lakosztály 2 hálótérrel','STUDIO',49),(163,'A szoba keleti fekvésű és erkéllyel rendelkezik. Kényelmes elhelyezést biztosít két fő számára szép kilátással.',2,21700,18,'http://res.cloudinary.com/doaywchwk/image/upload/v1584022287/k7dwnxileghcwcl5b5ny.jpg','Premium kétágyas szoba','KETAGYASSZOBA',49),(164,'A szoba keleti fekvésű és erkéllyel rendelkezik. Kényelmes elhelyezést biztosít két fő számára szép kilátással.',2,23500,17,'http://res.cloudinary.com/doaywchwk/image/upload/v1584022288/zzzhud94bhldtz2sxims.jpg','Emeleti földszintes franciaágyas szoba','KETAGYASSZOBA',49),(165,'Egy hálószoba és egy nappali szolgálja vendégeink kényelmes pihenését. A szoba erkéllyel rendelkezik.',2,9900,1,'http://res.cloudinary.com/doaywchwk/image/upload/v1584022297/d0puam6a0p4io1s1f8j1.jpg','Légkondicionált saját konyhával 2 fős apartman','APARTMAN',50);
/*!40000 ALTER TABLE `room` ENABLE KEYS */;
UNLOCK TABLES;

--
-- Table structure for table `room_reservation`
--

DROP TABLE IF EXISTS `room_reservation`;
/*!40101 SET @saved_cs_client     = @@character_set_client */;
/*!50503 SET character_set_client = utf8mb4 */;
CREATE TABLE `room_reservation` (
  `id` bigint(20) NOT NULL AUTO_INCREMENT,
  `end_date` date DEFAULT NULL,
  `start_date` date DEFAULT NULL,
  `booking_id` bigint(20) DEFAULT NULL,
  `room_id` bigint(20) DEFAULT NULL,
  PRIMARY KEY (`id`),
  KEY `FK55rfr0e70hnct25wv5uo0wmf6` (`booking_id`),
  KEY `FK19p6c3un3mbs7b7bxkcxk8xn2` (`room_id`),
  CONSTRAINT `FK19p6c3un3mbs7b7bxkcxk8xn2` FOREIGN KEY (`room_id`) REFERENCES `room` (`id`),
  CONSTRAINT `FK55rfr0e70hnct25wv5uo0wmf6` FOREIGN KEY (`booking_id`) REFERENCES `booking` (`id`)
) ENGINE=InnoDB AUTO_INCREMENT=1243 DEFAULT CHARSET=utf8;
/*!40101 SET character_set_client = @saved_cs_client */;

--
-- Dumping data for table `room_reservation`
--

LOCK TABLES `room_reservation` WRITE;
/*!40000 ALTER TABLE `room_reservation` DISABLE KEYS */;
INSERT INTO `room_reservation` VALUES (5,'2020-04-24','2020-04-21',5,123),(6,'2020-04-24','2020-04-21',5,125),(7,'2020-04-17','2020-04-14',6,156),(8,'2020-04-17','2020-04-14',6,161),(27,'2020-04-24','2020-04-20',13,7),(28,'2020-04-24','2020-04-20',13,5),(29,'2020-04-29','2020-04-26',14,1),(30,'2020-04-27','2020-04-24',15,6),(31,'2020-04-26','2020-04-23',16,2),(32,'2020-04-26','2020-04-24',17,1),(37,'2019-04-01','2019-03-26',22,2),(38,'2019-04-01','2019-03-26',22,1),(39,'2020-03-15','2020-03-14',23,1),(40,'2020-03-15','2020-03-14',23,4),(41,'2020-06-01','2020-05-26',24,1),(42,'2019-02-04','2019-02-02',25,4),(43,'2019-09-10','2019-09-04',26,5),(44,'2020-05-28','2020-05-23',27,8),(45,'2020-05-28','2020-05-23',27,7),(46,'2019-08-22','2019-08-14',28,4),(47,'2019-06-18','2019-06-15',29,5),(48,'2019-12-04','2019-11-30',30,1),(49,'2019-12-04','2019-11-30',30,6),(50,'2019-11-03','2019-10-27',31,5),(51,'2020-02-29','2020-02-22',32,2),(52,'2020-02-29','2020-02-22',32,6),(53,'2019-02-24','2019-02-15',33,7),(54,'2019-07-20','2019-07-18',34,2),(55,'2020-05-21','2020-05-19',35,2),(56,'2020-05-21','2020-05-19',35,4),(57,'2020-05-21','2020-05-19',35,3),(58,'2019-11-30','2019-11-28',36,2),(59,'2019-11-30','2019-11-28',36,6),(60,'2019-11-18','2019-11-14',37,4),(61,'2019-08-13','2019-08-12',38,7),(62,'2020-03-30','2020-03-21',39,4),(63,'2020-01-04','2020-01-02',40,3),(64,'2020-01-04','2020-01-02',40,7),(65,'2019-11-16','2019-11-08',41,7),(66,'2019-08-15','2019-08-08',42,6),(67,'2019-02-22','2019-02-14',43,6),(68,'2019-02-22','2019-02-14',43,5),(69,'2019-03-25','2019-03-20',44,5),(70,'2019-09-14','2019-09-06',45,2),(71,'2020-06-24','2020-06-16',46,8),(72,'2019-09-06','2019-09-04',47,2),(73,'2019-06-27','2019-06-19',48,8),(74,'2020-07-09','2020-07-07',49,3),(75,'2019-12-29','2019-12-24',50,6),(76,'2020-01-14','2020-01-06',51,8),(77,'2020-07-20','2020-07-19',52,4),(78,'2019-04-15','2019-04-09',53,4),(79,'2019-07-14','2019-07-09',54,8),(80,'2019-07-14','2019-07-09',54,3),(81,'2019-12-27','2019-12-20',55,5),(82,'2019-09-10','2019-09-01',56,3),(83,'2020-03-13','2020-03-07',57,7),(84,'2019-10-25','2019-10-21',58,1),(85,'2019-10-29','2019-10-25',59,1),(86,'2019-11-25','2019-11-21',60,2),(87,'2020-07-14','2020-07-10',61,8),(88,'2019-06-18','2019-06-09',62,1),(89,'2020-07-28','2020-07-24',63,6),(90,'2020-07-28','2020-07-24',63,3),(91,'2020-07-28','2020-07-24',63,4),(92,'2019-10-18','2019-10-15',64,8),(93,'2020-06-05','2020-06-03',65,7),(94,'2019-04-12','2019-04-03',66,6),(95,'2019-10-07','2019-10-04',67,4),(96,'2019-10-07','2019-10-04',67,8),(97,'2019-10-07','2019-10-04',67,1),(98,'2020-03-06','2020-03-04',68,4),(99,'2020-05-08','2020-05-07',69,7),(100,'2019-09-24','2019-09-22',70,8),(101,'2019-10-27','2019-10-19',71,3),(102,'2019-10-27','2019-10-19',71,6),(103,'2019-07-24','2019-07-18',72,3),(104,'2019-07-24','2019-07-18',72,1),(105,'2019-08-02','2019-07-25',73,4),(106,'2019-04-02','2019-03-24',74,3),(107,'2019-09-30','2019-09-25',75,7),(108,'2020-02-18','2020-02-09',76,2),(109,'2020-02-18','2020-02-09',76,7),(110,'2020-03-14','2020-03-10',77,8),(111,'2019-06-07','2019-06-01',78,6),(112,'2019-05-30','2019-05-25',79,7),(113,'2019-05-30','2019-05-25',79,4),(114,'2019-05-30','2019-05-25',79,8),(115,'2020-05-04','2020-05-01',80,4),(116,'2019-03-20','2019-03-19',81,3),(117,'2019-03-20','2019-03-19',81,5),(118,'2019-03-20','2019-03-19',81,4),(119,'2019-07-09','2019-07-03',82,7),(120,'2019-10-05','2019-09-29',83,6),(121,'2019-05-15','2019-05-08',84,7),(122,'2019-05-15','2019-05-08',84,3),(123,'2019-05-25','2019-05-17',85,4),(124,'2020-03-24','2020-03-18',86,6),(125,'2019-09-25','2019-09-21',87,7),(126,'2019-09-25','2019-09-21',87,3),(127,'2019-05-17','2019-05-16',88,7),(128,'2019-11-27','2019-11-19',89,6),(129,'2019-11-27','2019-11-19',89,8),(131,'2020-03-07','2020-03-06',91,6),(132,'2020-03-07','2020-03-06',91,7),(133,'2019-03-25','2019-03-22',92,1),(134,'2020-02-05','2020-02-02',93,1),(135,'2020-02-05','2020-02-02',93,2),(136,'2019-12-14','2019-12-06',94,4),(137,'2019-06-30','2019-06-24',95,5),(138,'2020-01-23','2020-01-15',96,7),(139,'2020-05-28','2020-05-26',97,4),(141,'2020-04-01','2020-03-25',99,1),(142,'2020-03-06','2020-03-04',100,6),(143,'2019-05-05','2019-05-01',101,1),(144,'2020-05-07','2020-05-03',102,3),(145,'2020-07-29','2020-07-27',103,5),(146,'2019-02-11','2019-02-03',104,6),(148,'2019-06-26','2019-06-19',106,7),(149,'2019-05-04','2019-05-01',107,8),(150,'2019-05-04','2019-05-01',107,5),(151,'2020-04-07','2020-04-06',108,8),(152,'2019-10-02','2019-09-30',109,4),(153,'2019-04-07','2019-04-05',110,3),(154,'2019-04-07','2019-04-05',110,1),(155,'2020-01-31','2020-01-27',111,4),(156,'2020-07-10','2020-07-05',112,7),(157,'2020-07-10','2020-07-05',112,5),(158,'2020-07-10','2020-07-05',112,1),(159,'2019-06-11','2019-06-10',113,8),(160,'2019-06-11','2019-06-10',113,2),(161,'2020-07-15','2020-07-07',114,4),(162,'2020-01-21','2020-01-17',115,5),(163,'2019-05-05','2019-05-01',116,4),(164,'2019-05-05','2019-05-01',116,7),(165,'2020-01-08','2020-01-07',117,1),(166,'2019-05-22','2019-05-20',118,1),(167,'2019-09-05','2019-08-30',119,7),(168,'2019-05-08','2019-05-06',120,4),(169,'2019-03-26','2019-03-17',121,8),(170,'2019-10-18','2019-10-14',122,3),(171,'2020-07-05','2020-06-27',123,6),(172,'2020-07-05','2020-06-27',123,3),(173,'2019-03-07','2019-03-06',124,5),(174,'2019-10-15','2019-10-11',125,4),(175,'2020-03-23','2020-03-20',126,7),(176,'2020-03-23','2020-03-20',126,8),(177,'2019-03-29','2019-03-27',127,4),(178,'2019-06-12','2019-06-09',128,5),(179,'2019-09-23','2019-09-19',129,4),(180,'2019-11-07','2019-11-04',130,8),(181,'2019-11-07','2019-11-04',130,2),(182,'2020-07-22','2020-07-16',131,3),(183,'2020-01-29','2020-01-21',132,3),(184,'2019-02-22','2019-02-21',133,2),(185,'2020-06-06','2020-06-01',134,5),(186,'2020-06-05','2020-05-31',135,8),(187,'2019-08-30','2019-08-23',136,1),(188,'2019-09-04','2019-09-02',137,8),(189,'2019-07-03','2019-06-28',138,6),(190,'2019-07-03','2019-06-28',138,7),(191,'2020-04-30','2020-04-28',139,8),(192,'2020-05-22','2020-05-20',140,1),(193,'2019-09-01','2019-08-27',141,3),(194,'2019-09-01','2019-08-27',141,6),(195,'2019-12-29','2019-12-26',142,1),(196,'2019-12-06','2019-12-01',143,2),(197,'2020-03-14','2020-03-07',144,3),(198,'2020-06-19','2020-06-12',145,6),(199,'2020-03-14','2020-03-09',146,1),(200,'2020-03-14','2020-03-09',146,4),(201,'2020-02-12','2020-02-11',147,3),(202,'2019-02-14','2019-02-13',148,7),(203,'2019-02-14','2019-02-13',148,3),(204,'2019-02-14','2019-02-13',148,5),(207,'2020-06-27','2020-06-21',150,6),(208,'2020-06-27','2020-06-21',150,2),(209,'2019-03-01','2019-02-20',151,3),(210,'2020-05-11','2020-05-02',152,1),(212,'2019-10-06','2019-09-29',154,2),(213,'2019-05-31','2019-05-26',155,2),(214,'2019-05-31','2019-05-26',155,3),(215,'2020-03-27','2020-03-19',156,5),(216,'2019-10-23','2019-10-19',157,7),(217,'2019-03-19','2019-03-15',158,5),(218,'2019-09-21','2019-09-20',159,7),(219,'2019-11-27','2019-11-26',160,2),(220,'2019-11-27','2019-11-26',160,4),(221,'2019-12-24','2019-12-17',161,8),(222,'2019-12-24','2019-12-17',161,6),(223,'2019-12-24','2019-12-17',161,2),(224,'2019-09-21','2019-09-12',162,1),(225,'2019-09-21','2019-09-12',162,8),(226,'2019-06-11','2019-06-09',163,6),(227,'2019-06-04','2019-06-01',164,3),(228,'2019-12-09','2019-11-30',165,3),(229,'2019-07-17','2019-07-16',166,8),(230,'2019-10-19','2019-10-16',167,6),(231,'2020-06-12','2020-06-07',168,1),(232,'2019-11-15','2019-11-12',169,5),(233,'2019-07-27','2019-07-22',170,5),(234,'2019-07-27','2019-07-22',170,2),(235,'2019-04-12','2019-04-03',171,2),(236,'2019-08-02','2019-07-27',172,7),(237,'2019-02-04','2019-02-03',173,7),(238,'2019-07-22','2019-07-20',174,5),(239,'2019-05-18','2019-05-17',175,5),(240,'2019-12-20','2019-12-12',176,3),(241,'2020-05-16','2020-05-10',177,4),(242,'2019-09-24','2019-09-15',178,6),(243,'2020-06-16','2020-06-14',179,3),(244,'2020-06-16','2020-06-14',179,8),(245,'2020-03-02','2020-02-26',180,4),(246,'2019-04-30','2019-04-21',181,6),(247,'2020-06-30','2020-06-23',182,7),(248,'2019-03-06','2019-03-02',183,2),(249,'2019-08-27','2019-08-19',184,7),(251,'2020-05-01','2020-04-29',186,5),(252,'2020-05-01','2020-04-29',186,6),(253,'2019-11-11','2019-11-03',187,3),(254,'2019-03-26','2019-03-21',188,2),(255,'2019-05-07','2019-05-03',189,2),(256,'2019-09-29','2019-09-28',190,6),(257,'2019-03-19','2019-03-11',191,4),(258,'2020-04-08','2020-04-04',192,1),(259,'2019-06-09','2019-06-04',193,1),(261,'2019-03-02','2019-03-01',195,2),(262,'2019-08-12','2019-08-07',196,8),(263,'2019-08-12','2019-08-07',196,1),(264,'2019-05-01','2019-04-26',197,5),(265,'2019-05-08','2019-05-04',198,3),(266,'2020-01-29','2020-01-28',199,1),(267,'2019-02-22','2019-02-18',200,1),(268,'2019-03-31','2019-03-25',201,5),(269,'2019-11-16','2019-11-14',202,8),(270,'2019-11-16','2019-11-14',202,3),(271,'2019-03-17','2019-03-13',203,1),(272,'2019-03-17','2019-03-13',203,2),(273,'2019-05-15','2019-05-09',204,4),(274,'2019-05-15','2019-05-09',204,5),(275,'2019-03-09','2019-03-08',205,4),(277,'2019-11-23','2019-11-21',207,7),(278,'2019-08-04','2019-07-27',208,3),(279,'2019-08-04','2019-07-27',208,8),(280,'2019-10-14','2019-10-05',209,6),(281,'2019-05-09','2019-05-08',210,5),(282,'2020-01-04','2020-01-02',211,1),(283,'2020-05-04','2020-04-30',212,2),(284,'2020-05-26','2020-05-21',213,4),(285,'2019-04-22','2019-04-21',214,4),(286,'2020-07-26','2020-07-21',215,5),(287,'2020-05-14','2020-05-07',216,2),(288,'2019-09-15','2019-09-11',217,7),(289,'2019-07-03','2019-06-30',218,3),(290,'2019-07-03','2019-06-30',218,2),(291,'2019-12-05','2019-11-29',219,7),(292,'2020-03-18','2020-03-16',220,5),(293,'2020-03-18','2020-03-16',220,7),(294,'2020-03-18','2020-03-16',220,1),(295,'2019-08-08','2019-08-04',221,7),(296,'2019-08-08','2019-08-04',221,6),(298,'2019-12-17','2019-12-14',223,8),(299,'2019-11-14','2019-11-13',224,2),(300,'2019-06-20','2019-06-17',225,3),(301,'2019-11-05','2019-11-04',226,5),(302,'2020-02-11','2020-02-07',227,3),(303,'2019-08-13','2019-08-04',228,3),(304,'2019-12-07','2019-12-01',229,8),(305,'2019-10-01','2019-09-30',230,7),(306,'2019-09-28','2019-09-24',231,4),(307,'2019-06-30','2019-06-23',232,3),(308,'2020-06-21','2020-06-20',233,6),(309,'2020-06-21','2020-06-20',233,3),(312,'2019-08-30','2019-08-23',235,2),(313,'2019-10-06','2019-10-01',236,7),(314,'2019-05-12','2019-05-03',237,6),(315,'2019-03-24','2019-03-22',238,3),(316,'2019-12-17','2019-12-13',239,1),(317,'2019-12-17','2019-12-13',239,7),(318,'2019-05-26','2019-05-25',240,2),(319,'2019-05-26','2019-05-25',240,1),(320,'2019-02-18','2019-02-14',241,3),(321,'2020-03-04','2020-03-01',242,2),(322,'2019-02-03','2019-02-01',243,6),(323,'2019-09-03','2019-08-29',244,4),(324,'2019-09-03','2019-08-29',244,5),(325,'2020-06-03','2020-05-29',245,7),(326,'2019-07-11','2019-07-08',246,5),(327,'2019-04-12','2019-04-09',247,5),(328,'2019-03-21','2019-03-19',248,2),(329,'2019-08-23','2019-08-21',249,2),(330,'2019-03-11','2019-03-07',250,2),(331,'2019-03-11','2019-03-07',250,1),(332,'2019-03-11','2019-03-07',250,3),(333,'2019-08-01','2019-07-31',251,6),(334,'2019-08-01','2019-07-31',251,1),(335,'2020-03-21','2020-03-19',252,4),(336,'2019-12-31','2019-12-23',253,7),(337,'2019-12-25','2019-12-16',254,4),(338,'2019-05-19','2019-05-18',255,3),(339,'2019-02-13','2019-02-09',256,8),(340,'2019-12-20','2019-12-13',257,5),(341,'2019-11-09','2019-11-06',258,5),(342,'2019-11-19','2019-11-18',259,2),(343,'2019-11-19','2019-11-18',259,3),(344,'2019-11-19','2019-11-18',259,8),(345,'2020-01-09','2020-01-01',260,6),(346,'2019-04-26','2019-04-17',261,7),(347,'2020-07-24','2020-07-23',262,7),(348,'2020-07-24','2020-07-23',262,4),(349,'2019-12-08','2019-12-05',263,5),(350,'2020-04-03','2020-03-29',264,2),(351,'2020-04-03','2020-03-29',264,3),(352,'2020-03-19','2020-03-18',265,5),(353,'2019-07-18','2019-07-14',266,1),(354,'2019-07-08','2019-06-30',267,1),(355,'2019-09-14','2019-09-13',268,5),(356,'2019-08-05','2019-07-27',269,2),(357,'2020-07-29','2020-07-25',270,7),(358,'2019-11-13','2019-11-10',271,2),(359,'2019-03-18','2019-03-13',272,7),(360,'2019-11-26','2019-11-24',273,7),(361,'2019-05-01','2019-04-28',274,1),(362,'2019-05-01','2019-04-28',274,2),(363,'2019-05-01','2019-04-28',274,3),(364,'2019-11-29','2019-11-20',275,3),(365,'2019-07-11','2019-07-06',276,4),(366,'2019-10-30','2019-10-27',277,2),(367,'2019-09-26','2019-09-25',278,5),(368,'2019-09-26','2019-09-25',278,8),(369,'2020-01-20','2020-01-15',279,6),(370,'2019-06-09','2019-06-07',280,4),(371,'2020-06-14','2020-06-13',281,8),(372,'2020-06-14','2020-06-13',281,3),(373,'2019-03-10','2019-03-01',282,6),(374,'2019-10-02','2019-10-01',283,3),(375,'2019-10-02','2019-10-01',283,5),(376,'2019-05-27','2019-05-25',284,6),(377,'2019-12-21','2019-12-19',285,7),(378,'2020-05-09','2020-05-08',286,6),(379,'2019-09-12','2019-09-10',287,1),(380,'2019-09-12','2019-09-10',287,8),(381,'2019-09-12','2019-09-10',287,6),(382,'2019-05-22','2019-05-15',288,8),(383,'2019-03-01','2019-02-28',289,6),(384,'2019-04-05','2019-04-04',290,1),(385,'2020-01-15','2020-01-09',291,3),(386,'2020-01-15','2020-01-09',291,7),(387,'2020-03-06','2020-02-27',292,7),(388,'2020-05-24','2020-05-22',293,2),(389,'2020-05-24','2020-05-22',293,3),(390,'2020-07-06','2020-07-02',294,2),(391,'2020-03-09','2020-03-07',295,1),(392,'2020-03-09','2020-03-07',295,6),(393,'2020-03-09','2020-03-07',295,4),(394,'2020-04-22','2020-04-17',296,1),(395,'2020-03-16','2020-03-15',297,5),(396,'2020-03-16','2020-03-15',297,6),(397,'2019-11-13','2019-11-11',298,8),(398,'2019-04-21','2019-04-20',299,8),(399,'2020-01-20','2020-01-12',300,4),(400,'2020-04-15','2020-04-09',301,2),(401,'2020-02-06','2020-02-03',302,3),(402,'2019-12-12','2019-12-10',303,3),(403,'2020-04-01','2020-03-31',304,7),(404,'2020-06-13','2020-06-07',305,3),(405,'2020-02-22','2020-02-13',306,3),(406,'2020-02-22','2020-02-13',306,4),(407,'2019-03-26','2019-03-23',307,4),(408,'2019-02-09','2019-02-05',308,8),(409,'2019-02-20','2019-02-16',309,4),(410,'2019-04-21','2019-04-19',310,3),(411,'2019-02-12','2019-02-11',311,1),(412,'2020-01-31','2020-01-29',312,6),(413,'2019-04-09','2019-04-05',313,4),(414,'2020-06-06','2020-06-05',314,2),(415,'2020-06-06','2020-06-05',314,4),(416,'2019-03-21','2019-03-19',315,6),(417,'2019-09-20','2019-09-17',316,7),(418,'2019-06-13','2019-06-05',317,7),(419,'2020-06-12','2020-06-09',318,4),(420,'2020-06-12','2020-06-09',318,6),(421,'2020-02-26','2020-02-23',319,4),(422,'2019-06-05','2019-06-01',320,7),(423,'2019-06-05','2019-06-01',320,8),(424,'2019-06-05','2019-06-01',320,4),(425,'2019-02-15','2019-02-14',321,2),(426,'2019-02-15','2019-02-14',321,1),(427,'2020-04-25','2020-04-23',322,8),(428,'2019-11-12','2019-11-07',323,1),(429,'2019-07-12','2019-07-09',324,7),(430,'2020-01-18','2020-01-15',325,2),(431,'2020-01-18','2020-01-15',325,3),(432,'2020-02-11','2020-02-08',326,5),(433,'2019-02-13','2019-02-08',327,4),(434,'2019-02-13','2019-02-08',327,3),(435,'2019-05-17','2019-05-16',328,2),(436,'2019-05-17','2019-05-16',328,3),(437,'2019-05-17','2019-05-16',328,4),(438,'2020-02-17','2020-02-12',329,5),(439,'2020-02-10','2020-02-07',330,8),(440,'2019-04-19','2019-04-18',331,1),(441,'2020-02-27','2020-02-26',332,7),(442,'2019-09-18','2019-09-12',333,3),(443,'2020-06-06','2020-06-03',334,1),(444,'2020-06-06','2020-06-03',334,3),(445,'2019-11-12','2019-11-03',335,6),(446,'2019-04-28','2019-04-23',336,2),(447,'2019-12-15','2019-12-09',337,2),(448,'2019-06-17','2019-06-15',338,6),(449,'2019-04-03','2019-04-02',339,1),(450,'2019-04-03','2019-04-02',339,2),(451,'2019-04-03','2019-04-02',339,3),(452,'2020-05-03','2020-04-28',340,3),(453,'2019-05-01','2019-04-27',341,7),(454,'2020-07-22','2020-07-17',342,1),(455,'2020-06-17','2020-06-15',343,7),(456,'2020-06-17','2020-06-15',343,2),(457,'2019-10-26','2019-10-23',344,7),(458,'2020-03-04','2020-02-28',345,5),(459,'2020-06-17','2020-06-14',346,1),(460,'2019-12-31','2019-12-25',347,4),(461,'2019-10-28','2019-10-23',348,4),(462,'2020-06-03','2020-06-01',349,2),(463,'2019-04-06','2019-04-05',350,8),(464,'2019-07-20','2019-07-16',351,5),(465,'2019-03-11','2019-03-09',352,4),(466,'2020-07-07','2020-07-06',353,4),(467,'2020-04-05','2020-04-03',354,2),(468,'2020-04-05','2020-04-03',354,6),(469,'2020-04-05','2020-04-03',354,5),(470,'2019-03-04','2019-02-23',355,4),(471,'2019-10-11','2019-10-08',356,8),(472,'2019-10-11','2019-10-08',356,4),(473,'2020-05-18','2020-05-16',357,8),(474,'2019-03-01','2019-02-26',358,2),(475,'2019-06-15','2019-06-12',359,5),(476,'2019-06-15','2019-06-12',359,4),(477,'2020-01-26','2020-01-25',360,1),(478,'2019-04-17','2019-04-15',361,7),(479,'2019-07-24','2019-07-23',362,7),(480,'2019-09-13','2019-09-07',363,4),(481,'2019-12-26','2019-12-24',364,1),(482,'2019-12-26','2019-12-24',364,8),(483,'2019-12-26','2019-12-24',364,2),(484,'2019-06-01','2019-05-29',365,6),(485,'2019-10-02','2019-10-01',366,1),(486,'2020-06-01','2020-05-31',367,5),(487,'2019-06-30','2019-06-28',368,1),(488,'2019-06-24','2019-06-20',369,5),(489,'2019-02-05','2019-02-04',370,5),(490,'2019-07-25','2019-07-21',371,4),(491,'2019-09-29','2019-09-27',372,2),(492,'2019-05-25','2019-05-23',373,1),(493,'2019-05-25','2019-05-23',373,3),(494,'2019-05-25','2019-05-23',373,2),(495,'2019-08-11','2019-08-10',374,7),(496,'2019-06-09','2019-06-07',375,5),(497,'2020-04-15','2020-04-13',376,4),(498,'2020-04-15','2020-04-13',376,6),(499,'2020-01-29','2020-01-23',377,6),(500,'2020-02-11','2020-02-05',378,1),(501,'2020-06-27','2020-06-26',379,8),(502,'2019-08-20','2019-08-18',380,5),(503,'2019-08-20','2019-08-18',380,6),(504,'2019-08-20','2019-08-18',380,3),(505,'2019-07-06','2019-07-03',381,3),(506,'2019-03-13','2019-03-12',382,5),(507,'2019-03-13','2019-03-12',382,7),(508,'2019-03-13','2019-03-12',382,1),(509,'2020-07-05','2020-06-30',383,7),(510,'2019-06-19','2019-06-17',384,8),(511,'2019-06-19','2019-06-17',384,2),(512,'2019-06-19','2019-06-17',384,6),(513,'2020-07-05','2020-07-02',385,1),(514,'2019-06-27','2019-06-20',386,2),(515,'2019-11-19','2019-11-18',387,6),(516,'2019-12-06','2019-12-03',388,4),(517,'2019-11-14','2019-11-12',389,6),(518,'2020-06-09','2020-06-02',390,6),(519,'2020-07-13','2020-07-10',391,5),(520,'2019-07-15','2019-07-13',392,4),(521,'2019-07-15','2019-07-13',392,7),(522,'2020-01-06','2020-01-04',393,8),(523,'2020-01-06','2020-01-04',393,4),(524,'2020-01-06','2020-01-04',393,5),(525,'2020-01-10','2020-01-07',394,2),(526,'2020-01-10','2020-01-07',394,5),(527,'2019-08-26','2019-08-25',395,8),(528,'2019-08-26','2019-08-25',395,6),(529,'2020-04-16','2020-04-14',396,8),(530,'2020-04-16','2020-04-14',396,7),(531,'2019-11-30','2019-11-29',397,1),(532,'2019-11-30','2019-11-29',397,3),(533,'2019-08-12','2019-08-04',398,4),(534,'2019-04-08','2019-03-31',399,7),(535,'2019-08-16','2019-08-12',400,2),(536,'2019-06-03','2019-05-27',401,1),(537,'2020-02-13','2020-02-09',402,6),(538,'2020-02-13','2020-02-09',402,4),(539,'2019-12-21','2019-12-17',403,1),(540,'2019-12-10','2019-12-09',404,1),(541,'2019-12-10','2019-12-09',404,3),(542,'2020-02-07','2020-02-02',405,6),(543,'2019-12-22','2019-12-21',406,1),(544,'2019-10-20','2019-10-19',407,1),(545,'2019-07-27','2019-07-26',408,6),(546,'2019-07-27','2019-07-26',408,7),(547,'2019-07-27','2019-07-26',408,1),(548,'2019-07-26','2019-07-25',409,6),(549,'2019-10-19','2019-10-18',410,7),(550,'2019-10-19','2019-10-18',410,4),(551,'2019-10-19','2019-10-18',410,1),(553,'2019-04-05','2019-03-29',412,4),(554,'2019-06-28','2019-06-23',413,1),(555,'2019-02-08','2019-02-05',414,5),(556,'2019-02-08','2019-02-05',414,2),(557,'2019-02-08','2019-02-05',414,3),(558,'2019-11-25','2019-11-20',415,1),(559,'2020-03-31','2020-03-26',416,7),(560,'2019-06-07','2019-06-06',417,8),(561,'2019-06-07','2019-06-06',417,5),(562,'2020-07-01','2020-06-30',418,1),(563,'2019-08-12','2019-08-10',419,2),(565,'2019-08-10','2019-08-08',421,7),(566,'2020-03-04','2020-02-29',422,6),(567,'2020-01-04','2020-01-02',423,5),(568,'2020-01-08','2020-01-07',424,3),(569,'2020-01-08','2020-01-07',424,4),(570,'2019-11-18','2019-11-17',425,6),(571,'2020-07-19','2020-07-14',426,2),(572,'2019-02-16','2019-02-14',427,4),(573,'2020-01-19','2020-01-13',428,1),(574,'2020-02-04','2020-02-02',429,7),(575,'2020-01-11','2020-01-10',430,2),(577,'2019-07-27','2019-07-26',432,3),(578,'2019-07-27','2019-07-26',432,8),(579,'2020-06-24','2020-06-19',433,5),(580,'2020-07-16','2020-07-14',434,3),(581,'2019-02-26','2019-02-24',435,2),(582,'2019-06-15','2019-06-14',436,7),(583,'2019-06-15','2019-06-14',436,2),(584,'2019-05-08','2019-05-04',437,5),(585,'2019-04-20','2019-04-18',438,2),(586,'2020-01-28','2020-01-22',439,2),(587,'2019-06-01','2019-05-30',440,7),(588,'2019-11-03','2019-10-28',441,7),(589,'2019-11-03','2019-10-28',441,4),(590,'2019-10-13','2019-10-07',442,5),(591,'2019-06-05','2019-06-02',443,5),(592,'2019-05-29','2019-05-28',444,6),(593,'2019-12-29','2019-12-23',445,3),(594,'2020-06-28','2020-06-19',446,1),(595,'2019-11-29','2019-11-27',447,7),(596,'2019-11-29','2019-11-27',447,4),(597,'2019-03-06','2019-03-05',448,7),(598,'2019-03-06','2019-03-05',448,3),(599,'2019-09-27','2019-09-25',449,2),(600,'2019-11-21','2019-11-19',450,7),(601,'2019-09-20','2019-09-17',451,2),(602,'2019-06-26','2019-06-22',452,4),(603,'2020-07-21','2020-07-16',453,5),(604,'2019-11-04','2019-10-31',454,2),(605,'2019-11-04','2019-10-31',454,1),(606,'2020-05-01','2020-04-27',455,4),(607,'2019-09-17','2019-09-16',456,7),(608,'2020-07-17','2020-07-15',457,4),(609,'2020-07-17','2020-07-15',457,1),(610,'2019-11-08','2019-11-05',458,7),(611,'2020-07-20','2020-07-19',459,7),(612,'2020-07-20','2020-07-19',459,8),(613,'2019-07-25','2019-07-23',460,6),(614,'2019-07-25','2019-07-23',460,8),(615,'2019-12-13','2019-12-12',461,7),(616,'2019-10-18','2019-10-15',462,7),(617,'2020-07-19','2020-07-18',463,4),(618,'2020-07-19','2020-07-18',463,7),(619,'2020-05-17','2020-05-16',464,2),(620,'2020-02-02','2020-01-30',465,1),(621,'2020-03-29','2020-03-26',466,3),(622,'2019-07-23','2019-07-17',467,6),(623,'2020-05-29','2020-05-28',468,6),(624,'2020-05-29','2020-05-28',468,4),(625,'2020-07-04','2020-06-29',469,4),(626,'2020-01-23','2020-01-22',470,6),(627,'2020-01-23','2020-01-22',470,5),(628,'2020-05-13','2020-05-11',471,3),(629,'2020-03-27','2020-03-24',472,8),(630,'2019-02-05','2019-02-04',473,8),(631,'2019-12-13','2019-12-10',474,6),(632,'2020-06-21','2020-06-20',475,2),(633,'2019-04-09','2019-04-08',476,1),(634,'2019-07-09','2019-07-07',477,8),(635,'2019-06-22','2019-06-17',478,4),(636,'2019-06-14','2019-06-08',479,3),(637,'2019-03-02','2019-02-27',480,5),(638,'2020-06-03','2020-06-01',481,1),(639,'2020-06-19','2020-06-18',482,3),(640,'2020-06-19','2020-06-18',482,5),(641,'2020-06-19','2020-06-18',482,4),(642,'2019-10-15','2019-10-12',483,1),(643,'2019-10-15','2019-10-12',483,7),(644,'2019-04-16','2019-04-13',484,1),(645,'2019-11-11','2019-11-10',485,4),(646,'2020-05-30','2020-05-24',486,2),(647,'2020-03-07','2020-02-29',487,1),(648,'2020-02-08','2020-02-04',488,7),(649,'2019-11-18','2019-11-16',489,1),(650,'2019-11-18','2019-11-16',489,2),(651,'2020-01-02','2020-01-01',490,1),(652,'2019-05-15','2019-05-08',491,8),(653,'2020-07-15','2020-07-14',492,7),(654,'2019-09-02','2019-08-30',493,1),(655,'2019-09-02','2019-08-30',493,8),(656,'2019-09-02','2019-08-30',493,2),(657,'2019-08-19','2019-08-18',494,7),(658,'2020-06-03','2020-05-26',495,3),(659,'2019-07-13','2019-07-12',496,7),(660,'2019-07-13','2019-07-12',496,6),(661,'2020-02-09','2020-02-05',497,2),(662,'2020-07-24','2020-07-22',498,3),(663,'2020-07-24','2020-07-22',498,6),(664,'2019-04-28','2019-04-26',499,3),(665,'2020-03-17','2020-03-15',500,3),(666,'2019-04-20','2019-04-16',501,5),(667,'2019-04-20','2019-04-16',501,8),(668,'2019-04-20','2019-04-16',501,4),(669,'2019-02-04','2019-02-03',502,8),(670,'2019-02-04','2019-02-03',502,5),(671,'2019-05-08','2019-05-06',503,7),(672,'2020-04-16','2020-04-12',504,3),(673,'2020-03-09','2020-03-04',505,2),(674,'2019-07-15','2019-07-14',506,8),(675,'2019-07-15','2019-07-14',506,2),(676,'2019-08-18','2019-08-15',507,6),(677,'2020-05-08','2020-05-06',508,5),(678,'2019-09-08','2019-09-04',509,8),(679,'2019-11-11','2019-11-09',510,5),(680,'2019-05-23','2019-05-21',511,2),(681,'2020-02-21','2020-02-19',512,7),(682,'2020-05-19','2020-05-18',513,4),(683,'2019-04-28','2019-04-27',514,1),(684,'2019-11-03','2019-11-01',515,6),(685,'2019-04-21','2019-04-17',516,6),(686,'2019-05-16','2019-05-15',517,5),(687,'2019-05-16','2019-05-15',517,4),(688,'2019-05-16','2019-05-15',517,1),(689,'2019-04-16','2019-04-11',518,8),(690,'2019-04-16','2019-04-11',518,3),(691,'2019-08-04','2019-08-03',519,5),(692,'2020-06-29','2020-06-26',520,4),(693,'2020-05-18','2020-05-17',521,7),(694,'2020-05-18','2020-05-17',521,4),(695,'2019-12-12','2019-12-11',522,7),(696,'2019-12-12','2019-12-11',522,5),(697,'2019-11-18','2019-11-17',523,8),(698,'2019-03-12','2019-03-11',524,2),(699,'2019-03-12','2019-03-11',524,1),(700,'2019-02-27','2019-02-25',525,5),(701,'2019-02-27','2019-02-25',525,8),(702,'2019-02-27','2019-02-25',525,7),(703,'2019-10-24','2019-10-21',526,5),(704,'2020-01-02','2019-12-28',527,5),(705,'2020-03-04','2020-03-02',528,8),(706,'2019-06-17','2019-06-14',529,3),(707,'2019-02-03','2019-02-02',530,3),(708,'2019-02-03','2019-02-02',530,2),(709,'2019-02-03','2019-02-02',530,5),(710,'2019-04-26','2019-04-22',531,4),(711,'2019-04-26','2019-04-22',531,3),(712,'2019-04-17','2019-04-16',532,6),(713,'2019-04-17','2019-04-16',532,3),(714,'2020-03-07','2020-03-06',533,4),(715,'2019-07-07','2019-06-30',534,8),(716,'2019-06-17','2019-06-15',535,7),(717,'2019-06-17','2019-06-15',535,4),(718,'2020-05-26','2020-05-24',536,3),(719,'2019-08-27','2019-08-25',537,3),(720,'2019-07-08','2019-07-06',538,5),(721,'2019-07-08','2019-07-06',538,2),(722,'2019-07-08','2019-07-06',538,3),(723,'2020-03-15','2020-03-11',539,5),(724,'2019-04-26','2019-04-25',540,5),(725,'2020-03-11','2020-03-04',541,5),(727,'2020-06-15','2020-06-10',543,2),(728,'2019-07-09','2019-07-08',544,3),(729,'2019-07-09','2019-07-08',544,2),(730,'2019-06-02','2019-05-31',545,5),(731,'2020-05-19','2020-05-11',546,1),(732,'2019-03-12','2019-03-11',547,7),(733,'2019-04-15','2019-04-12',548,7),(734,'2019-05-25','2019-05-23',549,8),(735,'2019-05-25','2019-05-23',549,6),(736,'2020-06-27','2020-06-25',550,3),(737,'2020-02-22','2020-02-20',551,8),(738,'2019-08-17','2019-08-16',552,8),(739,'2019-08-17','2019-08-16',552,2),(740,'2020-07-29','2020-07-28',553,6),(741,'2020-07-29','2020-07-28',553,8),(742,'2020-02-27','2020-02-19',554,1),(743,'2020-02-27','2020-02-19',554,5),(744,'2019-02-05','2019-02-03',555,3),(745,'2020-07-19','2020-07-17',556,8),(746,'2019-05-23','2019-05-22',557,5),(747,'2019-05-23','2019-05-22',557,3),(748,'2019-05-23','2019-05-22',557,1),(750,'2019-08-30','2019-08-27',559,7),(751,'2020-05-21','2020-05-20',560,8),(752,'2019-03-27','2019-03-19',561,7),(753,'2019-05-22','2019-05-19',562,3),(754,'2019-10-01','2019-09-28',563,5),(755,'2020-01-07','2020-01-04',564,2),(756,'2020-06-19','2020-06-18',565,2),(757,'2020-04-25','2020-04-22',566,131),(764,'2020-04-18','2020-04-15',571,97),(767,'2020-04-25','2020-04-20',573,105),(768,'2020-04-24','2020-04-21',574,104),(769,'2020-04-24','2020-04-21',574,106),(770,'2020-04-25','2020-04-21',575,67),(771,'2020-04-24','2020-04-22',576,86),(772,'2020-05-22','2020-05-21',577,3),(773,'2020-05-22','2020-05-21',577,6),(774,'2020-05-22','2020-05-21',577,7),(775,'2020-05-22','2020-05-21',577,5),(776,'2020-05-22','2020-05-21',577,2),(777,'2020-05-22','2020-05-21',577,8),(778,'2020-05-29','2020-05-27',578,105),(779,'2020-05-29','2020-05-27',578,104),(780,'2020-06-12','2020-06-10',579,115),(781,'2020-06-19','2020-06-17',580,107),(782,'2020-06-19','2020-06-17',581,13),(784,'2021-07-30','2021-07-24',583,1),(785,'2021-07-30','2021-07-24',583,5),(786,'2021-07-12','2021-07-06',584,6),(787,'2021-05-23','2021-05-21',585,4),(788,'2020-11-13','2020-11-11',586,3),(789,'2021-06-19','2021-06-16',587,5),(790,'2021-06-19','2021-06-16',587,7),(791,'2021-06-19','2021-06-16',587,4),(792,'2021-07-02','2021-06-24',588,7),(793,'2021-01-11','2021-01-07',589,7),(794,'2021-06-13','2021-06-10',590,6),(795,'2021-06-13','2021-06-10',590,1),(796,'2021-06-13','2021-06-10',590,3),(797,'2020-08-20','2020-08-18',591,6),(798,'2020-10-24','2020-10-15',592,7),(799,'2020-10-24','2020-10-15',592,4),(800,'2020-08-17','2020-08-11',593,2),(801,'2020-12-20','2020-12-17',594,1),(802,'2021-03-19','2021-03-15',595,5),(803,'2021-03-19','2021-03-15',595,8),(804,'2021-03-19','2021-03-15',595,6),(805,'2020-08-06','2020-08-01',596,1),(806,'2020-08-06','2020-08-01',596,2),(807,'2021-05-01','2021-04-21',597,1),(808,'2021-05-01','2021-04-21',597,6),(809,'2020-11-21','2020-11-14',598,5),(810,'2020-11-21','2020-11-14',598,7),(811,'2021-05-10','2021-05-08',599,4),(812,'2020-08-30','2020-08-25',600,1),(813,'2020-09-27','2020-09-23',601,3),(814,'2020-09-27','2020-09-23',601,1),(815,'2021-05-16','2021-05-06',602,5),(816,'2021-03-30','2021-03-27',603,1),(817,'2020-10-04','2020-09-29',604,3),(818,'2020-09-29','2020-09-27',605,5),(819,'2021-05-28','2021-05-23',606,1),(820,'2021-05-21','2021-05-17',607,5),(821,'2021-05-21','2021-05-17',607,7),(822,'2020-08-19','2020-08-13',608,8),(823,'2020-08-19','2020-08-13',608,1),(824,'2020-12-18','2020-12-11',609,8),(825,'2020-09-11','2020-09-05',610,1),(826,'2021-02-11','2021-02-04',611,1),(827,'2021-02-11','2021-02-04',611,6),(828,'2020-12-07','2020-12-03',612,4),(829,'2020-12-07','2020-12-03',612,6),(830,'2021-06-28','2021-06-27',613,2),(831,'2021-06-28','2021-06-27',613,5),(832,'2020-10-02','2020-09-25',614,6),(833,'2021-02-24','2021-02-21',615,4),(834,'2021-02-24','2021-02-21',615,2),(835,'2021-02-24','2021-02-21',615,8),(836,'2021-04-19','2021-04-15',616,5),(837,'2020-08-20','2020-08-18',617,4),(838,'2021-03-07','2021-03-02',618,3),(839,'2021-03-07','2021-03-02',618,2),(840,'2020-11-13','2020-11-04',619,5),(841,'2021-03-20','2021-03-17',620,2),(842,'2021-06-01','2021-05-30',621,1),(843,'2021-07-04','2021-06-30',622,8),(844,'2021-07-06','2021-07-03',623,2),(845,'2021-07-06','2021-07-03',623,3),(846,'2020-11-08','2020-11-03',624,1),(847,'2020-11-08','2020-11-03',624,7),(848,'2020-11-08','2020-11-03',624,3),(849,'2021-07-31','2021-07-30',625,2),(850,'2021-03-04','2021-03-03',626,6),(851,'2021-03-04','2021-03-03',626,7),(852,'2021-07-19','2021-07-11',627,7),(853,'2021-05-22','2021-05-21',628,5),(854,'2021-03-15','2021-03-06',629,6),(855,'2021-03-14','2021-03-08',630,4),(856,'2021-01-30','2021-01-20',631,8),(857,'2020-09-23','2020-09-20',632,1),(858,'2020-09-23','2020-09-20',632,8),(859,'2021-06-01','2021-05-22',633,6),(860,'2021-04-15','2021-04-07',634,1),(861,'2020-12-13','2020-12-09',635,1),(862,'2021-02-16','2021-02-12',636,7),(863,'2021-02-16','2021-02-12',636,4),(864,'2021-03-31','2021-03-24',637,8),(865,'2020-12-07','2020-12-06',638,5),(866,'2020-12-07','2020-12-06',638,1),(867,'2020-09-16','2020-09-12',639,6),(868,'2020-10-01','2020-09-23',640,7),(869,'2021-06-26','2021-06-23',641,5),(870,'2020-11-25','2020-11-23',642,1),(871,'2020-11-25','2020-11-23',642,5),(872,'2021-06-03','2021-05-24',643,5),(873,'2021-06-03','2021-05-24',643,8),(874,'2020-12-14','2020-12-10',644,3),(875,'2021-06-25','2021-06-22',645,1),(876,'2021-06-25','2021-06-22',645,3),(877,'2021-07-04','2021-06-24',646,4),(878,'2021-06-20','2021-06-13',647,8),(879,'2021-04-07','2021-04-03',648,3),(880,'2021-04-07','2021-04-03',648,5),(881,'2021-04-07','2021-04-03',648,4),(882,'2021-06-10','2021-06-05',649,4),(883,'2021-06-10','2021-06-05',649,6),(884,'2021-06-10','2021-06-05',649,3),(885,'2021-06-27','2021-06-19',650,2),(886,'2020-11-16','2020-11-13',651,6),(887,'2020-11-16','2020-11-13',651,3),(888,'2021-05-09','2021-05-06',652,7),(889,'2020-08-25','2020-08-23',653,2),(890,'2020-12-03','2020-11-27',654,8),(891,'2020-08-23','2020-08-21',655,1),(892,'2020-08-23','2020-08-21',655,4),(893,'2020-08-23','2020-08-21',655,8),(894,'2021-07-17','2021-07-14',656,5),(895,'2021-02-18','2021-02-11',657,3),(896,'2021-02-18','2021-02-11',657,6),(897,'2020-11-21','2020-11-11',658,2),(898,'2020-11-21','2020-11-11',658,1),(899,'2021-05-11','2021-05-02',659,8),(900,'2021-05-11','2021-05-02',659,6),(901,'2020-09-17','2020-09-16',660,8),(902,'2020-09-02','2020-08-25',661,4),(903,'2020-08-15','2020-08-10',662,4),(904,'2020-10-20','2020-10-18',663,2),(905,'2020-08-15','2020-08-12',664,5),(906,'2021-01-27','2021-01-17',665,1),(907,'2021-01-07','2020-12-28',666,8),(908,'2021-05-21','2021-05-12',667,6),(909,'2021-05-21','2021-05-12',667,2),(910,'2021-05-21','2021-05-12',667,4),(911,'2020-10-29','2020-10-21',668,2),(912,'2021-04-03','2021-04-01',669,8),(913,'2021-04-03','2021-04-01',669,1),(914,'2021-03-29','2021-03-23',670,2),(915,'2021-03-29','2021-03-23',670,4),(916,'2020-11-24','2020-11-23',671,7),(917,'2020-12-08','2020-12-07',672,4),(918,'2021-01-02','2020-12-24',673,4),(919,'2021-04-01','2021-03-29',674,5),(920,'2021-04-01','2021-03-29',674,7),(921,'2021-04-01','2021-03-29',674,6),(922,'2020-10-07','2020-10-06',675,5),(923,'2020-10-07','2020-10-06',675,4),(924,'2020-10-07','2020-10-06',675,8),(925,'2021-08-04','2021-07-31',676,5),(926,'2021-08-04','2021-07-31',676,8),(927,'2021-07-22','2021-07-17',677,5),(928,'2020-12-23','2020-12-16',678,2),(929,'2020-12-23','2020-12-16',678,7),(930,'2020-12-23','2020-12-16',678,4),(931,'2021-07-12','2021-07-08',679,8),(932,'2021-07-12','2021-07-08',679,3),(933,'2021-07-12','2021-07-08',679,5),(934,'2021-03-07','2021-03-02',680,4),(935,'2020-09-06','2020-08-31',681,8),(936,'2020-09-06','2020-08-31',681,7),(937,'2021-04-23','2021-04-20',682,3),(938,'2020-10-31','2020-10-28',683,4),(939,'2020-10-31','2020-10-28',683,7),(940,'2021-06-14','2021-06-12',684,5),(941,'2021-06-14','2021-06-12',684,4),(942,'2021-04-24','2021-04-21',685,7),(943,'2020-11-11','2020-11-03',686,4),(944,'2020-09-12','2020-09-11',687,6),(945,'2020-09-24','2020-09-22',688,5),(946,'2021-01-21','2021-01-18',689,4),(947,'2021-03-05','2021-02-23',690,1),(948,'2021-03-01','2021-02-26',691,5),(949,'2021-07-18','2021-07-15',692,1),(950,'2021-07-18','2021-07-15',692,4),(951,'2021-07-08','2021-07-06',693,3),(952,'2020-10-06','2020-10-03',694,4),(953,'2020-10-06','2020-10-03',694,2),(954,'2020-12-01','2020-11-29',695,1),(955,'2020-09-16','2020-09-10',696,3),(956,'2021-02-28','2021-02-27',697,3),(957,'2020-12-06','2020-11-26',698,2),(958,'2020-11-03','2020-10-27',699,3),(959,'2020-09-14','2020-09-06',700,4),(960,'2020-09-14','2020-09-06',700,7),(961,'2021-06-17','2021-06-13',701,6),(962,'2020-11-22','2020-11-19',702,6),(963,'2021-02-22','2021-02-16',703,7),(964,'2021-01-04','2021-01-01',704,1),(965,'2021-05-27','2021-05-21',705,7),(966,'2020-10-17','2020-10-13',706,2),(967,'2021-04-14','2021-04-09',707,2),(968,'2021-04-14','2021-04-09',707,8),(969,'2021-04-14','2021-04-09',707,4),(970,'2021-06-22','2021-06-13',708,1),(971,'2021-02-01','2021-01-24',709,2),(972,'2020-11-06','2020-10-28',710,6),(973,'2021-07-17','2021-07-11',711,2),(974,'2020-10-23','2020-10-18',712,3),(975,'2021-08-02','2021-07-31',713,3),(976,'2021-08-02','2021-07-31',713,1),(977,'2021-08-02','2021-07-31',713,7),(978,'2020-07-31','2020-07-29',714,6),(979,'2020-09-20','2020-09-19',715,7),(980,'2021-06-03','2021-05-24',716,2),(981,'2021-07-12','2021-07-10',717,4),(982,'2020-08-18','2020-08-17',718,5),(983,'2020-08-18','2020-08-17',718,4),(984,'2021-04-23','2021-04-15',719,2),(985,'2021-05-21','2021-05-20',720,3),(986,'2021-03-16','2021-03-06',721,7),(987,'2021-03-16','2021-03-10',722,1),(988,'2021-01-26','2021-01-19',723,5),(989,'2020-10-03','2020-10-02',724,7),(990,'2020-10-08','2020-10-07',725,4),(991,'2021-02-21','2021-02-19',726,6),(992,'2021-07-30','2021-07-24',727,3),(993,'2021-07-30','2021-07-24',727,7),(994,'2021-07-30','2021-07-24',727,4),(995,'2021-01-10','2021-01-03',728,5),(996,'2020-10-10','2020-10-02',729,1),(997,'2021-01-15','2021-01-12',730,3),(998,'2021-01-15','2021-01-12',730,8),(999,'2021-01-15','2021-01-12',730,4),(1000,'2021-07-23','2021-07-20',731,2),(1001,'2020-09-21','2020-09-18',732,3),(1002,'2020-10-22','2020-10-14',733,8),(1003,'2020-12-24','2020-12-23',734,6),(1004,'2020-12-24','2020-12-23',734,4),(1005,'2020-12-24','2020-12-23',734,3),(1006,'2020-09-19','2020-09-16',735,5),(1007,'2021-05-02','2021-04-27',736,8),(1008,'2020-12-26','2020-12-25',737,1),(1009,'2020-10-05','2020-10-03',738,5),(1010,'2020-10-05','2020-10-03',738,6),(1011,'2020-10-05','2020-10-03',738,8),(1012,'2020-08-07','2020-08-05',739,4),(1013,'2021-07-08','2021-07-02',740,7),(1014,'2021-07-08','2021-07-02',740,1),(1015,'2020-10-14','2020-10-05',741,3),(1016,'2020-10-14','2020-10-05',741,7),(1017,'2021-01-29','2021-01-26',742,3),(1018,'2021-05-17','2021-05-08',743,3),(1019,'2020-08-25','2020-08-24',744,6),(1020,'2020-08-09','2020-08-04',745,8),(1021,'2021-07-30','2021-07-27',746,8),(1022,'2020-08-22','2020-08-15',747,3),(1023,'2020-08-31','2020-08-28',748,2),(1024,'2020-08-31','2020-08-28',748,5),(1025,'2020-10-31','2020-10-26',749,1),(1026,'2021-06-28','2021-06-27',750,6),(1027,'2021-06-28','2021-06-27',750,3),(1028,'2021-06-28','2021-06-27',750,8),(1029,'2021-02-08','2021-02-07',751,7),(1030,'2021-02-20','2021-02-17',752,8),(1031,'2020-08-11','2020-08-09',753,2),(1032,'2021-07-23','2021-07-22',754,1),(1033,'2021-05-23','2021-05-17',755,1),(1034,'2020-12-16','2020-12-07',756,2),(1035,'2021-05-07','2021-05-01',757,4),(1036,'2021-05-07','2021-05-01',757,1),(1037,'2021-05-05','2021-04-29',758,3),(1038,'2021-01-12','2021-01-09',759,1),(1039,'2021-01-12','2021-01-09',759,6),(1040,'2021-01-12','2021-01-09',759,3),(1041,'2021-07-03','2021-06-30',760,2),(1042,'2020-08-10','2020-08-05',761,6),(1043,'2021-01-02','2020-12-27',762,7),(1044,'2021-01-02','2020-12-27',762,2),(1045,'2021-05-03','2021-04-26',763,2),(1046,'2020-08-09','2020-08-07',764,4),(1047,'2021-01-05','2020-12-29',765,3),(1048,'2020-08-10','2020-08-09',766,7),(1049,'2020-09-21','2020-09-18',767,6),(1050,'2020-11-03','2020-10-27',768,8),(1051,'2021-03-13','2021-03-04',769,8),(1052,'2020-08-08','2020-07-29',770,7),(1053,'2020-12-12','2020-12-06',771,7),(1054,'2021-05-08','2021-05-07',772,1),(1055,'2021-02-21','2021-02-15',773,5),(1056,'2021-08-08','2021-07-29',774,6),(1057,'2021-02-07','2021-01-30',775,8),(1058,'2021-03-01','2021-02-21',776,6),(1059,'2021-03-20','2021-03-19',777,6),(1060,'2021-03-20','2021-03-19',777,8),(1061,'2021-07-24','2021-07-23',778,5),(1062,'2020-08-01','2020-07-31',779,5),(1063,'2020-10-11','2020-10-09',780,8),(1064,'2021-03-28','2021-03-18',781,3),(1065,'2021-07-23','2021-07-22',782,3),(1066,'2021-07-23','2021-07-22',782,5),(1067,'2021-07-23','2021-07-22',782,8),(1068,'2020-09-26','2020-09-21',783,2),(1069,'2021-02-18','2021-02-17',784,4),(1070,'2020-07-22','2020-07-20',785,7),(1071,'2020-07-22','2020-07-20',785,6),(1072,'2021-02-21','2021-02-11',786,2),(1073,'2021-07-21','2021-07-16',787,3),(1074,'2020-10-24','2020-10-16',788,1),(1075,'2020-12-01','2020-11-24',789,6),(1076,'2020-12-01','2020-11-24',789,7),(1077,'2020-12-01','2020-11-24',789,4),(1078,'2020-09-29','2020-09-28',790,4),(1079,'2021-02-13','2021-02-07',791,5),(1080,'2021-07-31','2021-07-30',792,7),(1081,'2021-04-12','2021-04-10',793,6),(1082,'2021-06-22','2021-06-14',794,3),(1083,'2020-11-02','2020-10-31',795,1),(1084,'2020-11-02','2020-10-31',795,2),(1085,'2020-11-02','2020-10-31',795,7),(1086,'2021-06-06','2021-06-03',796,7),(1087,'2021-06-09','2021-06-08',797,8),(1088,'2020-12-26','2020-12-24',798,2),(1089,'2020-08-25','2020-08-17',799,7),(1090,'2021-02-08','2021-02-07',800,8),(1091,'2021-01-02','2020-12-28',801,6),(1092,'2021-01-02','2020-12-28',801,5),(1093,'2020-11-11','2020-11-06',802,2),(1094,'2021-04-01','2021-03-30',803,3),(1095,'2021-04-01','2021-03-30',803,2),(1096,'2021-01-24','2021-01-15',804,7),(1097,'2020-10-12','2020-10-10',805,6),(1098,'2021-03-12','2021-03-09',806,2),(1099,'2020-12-22','2020-12-21',807,3),(1100,'2020-12-07','2020-12-02',808,3),(1101,'2021-06-10','2021-06-05',809,1),(1102,'2020-08-25','2020-08-23',810,4),(1103,'2020-08-25','2020-08-23',810,8),(1104,'2021-01-24','2021-01-21',811,4),(1105,'2020-09-29','2020-09-27',812,8),(1106,'2021-01-22','2021-01-21',813,6),(1107,'2021-04-24','2021-04-23',814,4),(1108,'2020-12-04','2020-12-02',815,1),(1109,'2020-08-31','2020-08-25',816,6),(1110,'2021-03-19','2021-03-18',817,1),(1111,'2021-03-19','2021-03-18',817,7),(1112,'2020-11-21','2020-11-12',818,8),(1113,'2020-11-14','2020-11-11',819,4),(1114,'2021-02-04','2021-02-03',820,7),(1115,'2021-03-28','2021-03-25',821,7),(1116,'2021-01-11','2021-01-09',822,4),(1117,'2021-07-19','2021-07-18',823,4),(1118,'2021-07-19','2021-07-18',823,8),(1119,'2021-01-16','2021-01-15',824,2),(1120,'2020-08-03','2020-08-01',825,6),(1121,'2020-08-03','2020-08-01',825,8),(1122,'2021-04-15','2021-04-12',826,7),(1123,'2021-02-07','2021-02-05',827,3),(1124,'2021-02-03','2021-01-27',828,6),(1125,'2021-07-06','2021-07-01',829,6),(1126,'2020-08-22','2020-08-21',830,5),(1127,'2020-08-22','2020-08-21',830,6),(1128,'2020-12-16','2020-12-15',831,3),(1129,'2020-12-16','2020-12-15',831,1),(1130,'2020-09-21','2020-09-18',832,2),(1131,'2021-06-08','2021-06-07',833,2),(1132,'2021-07-15','2021-07-10',834,1),(1133,'2021-01-18','2021-01-15',835,8),(1134,'2021-07-28','2021-07-26',836,2),(1135,'2021-04-29','2021-04-27',837,7),(1136,'2021-06-08','2021-06-06',838,8),(1137,'2020-08-17','2020-08-13',839,6),(1138,'2020-11-30','2020-11-20',840,3),(1139,'2021-06-13','2021-06-12',841,2),(1140,'2021-05-16','2021-05-10',842,7),(1141,'2020-08-22','2020-08-17',843,2),(1142,'2021-05-26','2021-05-25',844,4),(1143,'2021-07-23','2021-07-19',845,4),(1144,'2021-01-15','2021-01-12',846,6),(1145,'2021-01-15','2021-01-12',846,1),(1146,'2021-01-15','2021-01-12',846,7),(1147,'2021-07-22','2021-07-20',847,7),(1148,'2021-01-29','2021-01-28',848,7),(1149,'2020-09-10','2020-09-02',849,3),(1150,'2021-03-03','2021-03-02',850,5),(1151,'2020-09-18','2020-09-17',851,4),(1152,'2021-03-17','2021-03-13',852,2),(1153,'2021-01-31','2021-01-28',853,5),(1154,'2021-06-03','2021-05-31',854,7),(1155,'2020-12-15','2020-12-12',855,5),(1156,'2020-10-27','2020-10-24',856,8),(1157,'2020-10-27','2020-10-24',856,5),(1158,'2020-10-27','2020-10-24',856,3),(1159,'2020-09-12','2020-09-08',857,5),(1160,'2020-08-25','2020-08-24',858,5),(1161,'2020-11-23','2020-11-22',859,8),(1162,'2021-02-25','2021-02-22',860,7),(1163,'2020-09-25','2020-09-24',861,5),(1164,'2020-09-10','2020-09-03',862,6),(1165,'2021-06-30','2021-06-29',863,6),(1166,'2021-06-30','2021-06-29',863,8),(1167,'2021-04-18','2021-04-16',864,6),(1168,'2021-06-03','2021-06-02',865,6),(1169,'2021-03-14','2021-03-13',866,5),(1170,'2021-03-12','2021-03-09',867,5),(1171,'2021-04-03','2021-04-02',868,7),(1172,'2021-04-03','2021-04-02',868,6),(1173,'2021-04-03','2021-04-02',868,2),(1174,'2021-04-19','2021-04-18',869,3),(1175,'2020-10-24','2020-10-23',870,6),(1176,'2020-08-13','2020-08-06',871,1),(1177,'2021-02-03','2021-02-02',872,4),(1178,'2021-02-03','2021-02-02',872,1),(1179,'2021-04-08','2021-04-07',873,2),(1180,'2021-07-17','2021-07-16',874,6),(1181,'2021-04-18','2021-04-17',875,1),(1182,'2021-01-24','2021-01-18',876,3),(1183,'2020-10-16','2020-10-11',877,5),(1184,'2020-07-27','2020-07-23',878,1),(1185,'2020-08-11','2020-08-03',879,3),(1186,'2020-07-27','2020-07-24',880,8),(1187,'2020-09-25','2020-09-21',881,4),(1188,'2021-06-01','2021-05-30',882,3),(1189,'2020-09-11','2020-09-08',883,2),(1190,'2021-01-09','2021-01-05',884,4),(1191,'2021-01-09','2021-01-05',884,3),(1192,'2021-01-09','2021-01-05',884,1),(1193,'2020-09-14','2020-09-12',885,8),(1194,'2021-04-20','2021-04-19',886,1),(1195,'2021-02-26','2021-02-22',887,5),(1196,'2020-09-15','2020-09-12',888,1),(1197,'2020-09-15','2020-09-12',888,2),(1198,'2020-11-04','2020-11-03',889,5),(1199,'2020-11-04','2020-11-03',889,8),(1200,'2021-04-27','2021-04-26',890,5),(1201,'2021-07-26','2021-07-25',891,8),(1202,'2021-07-26','2021-07-25',891,6),(1203,'2020-11-25','2020-11-24',892,2),(1204,'2021-06-20','2021-06-19',893,6),(1205,'2021-07-20','2021-07-19',894,1),(1206,'2021-07-20','2021-07-19',894,6),(1207,'2020-12-26','2020-12-18',895,8),(1208,'2020-08-25','2020-08-24',896,3),(1209,'2020-08-01','2020-07-30',897,1),(1210,'2021-03-04','2021-03-03',898,8),(1211,'2020-07-30','2020-07-25',899,2),(1212,'2021-04-29','2021-04-25',900,3),(1213,'2021-04-29','2021-04-25',900,4),(1214,'2020-12-15','2020-12-11',901,6),(1215,'2021-04-11','2021-04-08',902,7),(1216,'2021-05-10','2021-05-09',903,7),(1217,'2021-06-06','2021-06-03',904,2),(1218,'2020-09-04','2020-09-02',905,4),(1219,'2020-09-04','2020-09-02',905,5),(1220,'2021-05-12','2021-05-11',906,8),(1221,'2020-09-20','2020-09-19',907,5),(1222,'2021-04-25','2021-04-24',908,2),(1223,'2021-04-25','2021-04-24',908,8),(1224,'2021-05-21','2021-05-17',909,8),(1225,'2021-06-02','2021-06-01',910,6),(1226,'2020-09-04','2020-08-30',911,1),(1227,'2020-10-17','2020-10-14',912,3),(1228,'2020-08-06','2020-08-02',913,5),(1230,'2020-07-19','2020-07-12',915,6),(1231,'2020-07-24','2020-07-21',916,19),(1232,'2020-07-24','2020-07-21',916,22),(1235,'2020-07-16','2020-07-15',918,67),(1236,'2020-07-14','2020-07-10',919,1),(1237,'2020-07-14','2020-07-10',919,7),(1238,'2020-10-23','2020-10-14',920,97),(1241,'2020-10-16','2020-10-11',922,1),(1242,'2020-10-17','2020-10-13',922,6);
/*!40000 ALTER TABLE `room_reservation` ENABLE KEYS */;
UNLOCK TABLES;

--
-- Table structure for table `room_room_features`
--

DROP TABLE IF EXISTS `room_room_features`;
/*!40101 SET @saved_cs_client     = @@character_set_client */;
/*!50503 SET character_set_client = utf8mb4 */;
CREATE TABLE `room_room_features` (
  `room_id` bigint(20) NOT NULL,
  `room_room_features` varchar(255) DEFAULT NULL,
  KEY `FK9jk9xk4fe79wlpmjhgf6g5937` (`room_id`),
  CONSTRAINT `FK9jk9xk4fe79wlpmjhgf6g5937` FOREIGN KEY (`room_id`) REFERENCES `room` (`id`)
) ENGINE=InnoDB DEFAULT CHARSET=utf8;
/*!40101 SET character_set_client = @saved_cs_client */;

--
-- Dumping data for table `room_room_features`
--

LOCK TABLES `room_room_features` WRITE;
/*!40000 ALTER TABLE `room_room_features` DISABLE KEYS */;
INSERT INTO `room_room_features` VALUES (1,'LEGKONDICIONALT'),(1,'WIFI'),(1,'ERKELYTERASZ'),(2,'LEGKONDICIONALT'),(2,'WIFI'),(2,'ERKELYTERASZ'),(3,'WIFI'),(3,'HUTOSZEKRENY'),(3,'MINIBAR'),(4,'WIFI'),(4,'MINIBAR'),(4,'BABAAGY'),(5,'WIFI'),(5,'MINIBAR'),(6,'WIFI'),(6,'MINIBAR'),(6,'BABAAGY'),(7,'LEGKONDICIONALT'),(7,'WIFI'),(7,'ERKELYTERASZ'),(8,'LEGKONDICIONALT'),(8,'WIFI'),(8,'ERKELYTERASZ'),(9,'WIFI'),(9,'HUTOSZEKRENY'),(10,'WIFI'),(10,'HUTOSZEKRENY'),(10,'BABAAGY'),(11,'WIFI'),(11,'HUTOSZEKRENY'),(11,'TV'),(12,'WIFI'),(12,'HUTOSZEKRENY'),(12,'TV'),(13,'WIFI'),(13,'HUTOSZEKRENY'),(13,'TV'),(14,'HUTOSZEKRENY'),(14,'TV'),(14,'BABAAGY'),(15,'WIFI'),(15,'HUTOSZEKRENY'),(16,'WIFI'),(16,'HUTOSZEKRENY'),(16,'BABAAGY'),(17,'WIFI'),(17,'HUTOSZEKRENY'),(17,'BABAAGY'),(18,'WIFI'),(18,'HUTOSZEKRENY'),(18,'BABAAGY'),(19,'LEGKONDICIONALT'),(19,'WIFI'),(19,'ERKELYTERASZ'),(20,'LEGKONDICIONALT'),(20,'WIFI'),(20,'TV'),(21,'LEGKONDICIONALT'),(21,'WIFI'),(21,'TV'),(22,'LEGKONDICIONALT'),(22,'WIFI'),(22,'HUTOSZEKRENY'),(23,'LEGKONDICIONALT'),(23,'WIFI'),(23,'TV'),(24,'LEGKONDICIONALT'),(24,'WIFI'),(24,'TV'),(25,'LEGKONDICIONALT'),(25,'WIFI'),(25,'HUTOSZEKRENY'),(26,'LEGKONDICIONALT'),(26,'WIFI'),(26,'TV'),(27,'LEGKONDICIONALT'),(27,'WIFI'),(27,'ERKELYTERASZ'),(28,'LEGKONDICIONALT'),(28,'ERKELYTERASZ'),(28,'HUTOSZEKRENY'),(29,'WIFI'),(29,'HUTOSZEKRENY'),(29,'TV'),(30,'LEGKONDICIONALT'),(30,'WIFI'),(30,'ERKELYTERASZ'),(31,'LEGKONDICIONALT'),(31,'WIFI'),(32,'LEGKONDICIONALT'),(32,'WIFI'),(33,'LEGKONDICIONALT'),(33,'WIFI'),(33,'ERKELYTERASZ'),(34,'LEGKONDICIONALT'),(34,'WIFI'),(34,'TV'),(35,'LEGKONDICIONALT'),(35,'WIFI'),(35,'TV'),(36,'LEGKONDICIONALT'),(36,'WIFI'),(36,'TV'),(37,'LEGKONDICIONALT'),(37,'ERKELYTERASZ'),(37,'HUTOSZEKRENY'),(38,'LEGKONDICIONALT'),(38,'WIFI'),(38,'ERKELYTERASZ'),(39,'LEGKONDICIONALT'),(39,'WIFI'),(39,'HUTOSZEKRENY'),(40,'LEGKONDICIONALT'),(40,'WIFI'),(40,'HUTOSZEKRENY'),(41,'WIFI'),(41,'MINIBAR'),(42,'WIFI'),(43,'WIFI'),(43,'ERKELYTERASZ'),(44,'LEGKONDICIONALT'),(44,'WIFI'),(44,'HUTOSZEKRENY'),(45,'LEGKONDICIONALT'),(45,'WIFI'),(45,'HUTOSZEKRENY'),(46,'LEGKONDICIONALT'),(46,'WIFI'),(46,'HUTOSZEKRENY'),(47,'LEGKONDICIONALT'),(47,'WIFI'),(47,'ERKELYTERASZ'),(48,'LEGKONDICIONALT'),(48,'WIFI'),(48,'HUTOSZEKRENY'),(49,'LEGKONDICIONALT'),(49,'WIFI'),(49,'HUTOSZEKRENY'),(50,'LEGKONDICIONALT'),(50,'WIFI'),(50,'ERKELYTERASZ'),(51,'LEGKONDICIONALT'),(51,'WIFI'),(51,'HUTOSZEKRENY'),(52,'LEGKONDICIONALT'),(52,'WIFI'),(52,'HUTOSZEKRENY'),(53,'WIFI'),(53,'TV'),(53,'BABAAGY'),(54,'WIFI'),(54,'TV'),(55,'WIFI'),(55,'TV'),(56,'WIFI'),(56,'TV'),(57,'LEGKONDICIONALT'),(57,'WIFI'),(57,'TV'),(58,'WIFI'),(58,'TV'),(59,'WIFI'),(59,'TV'),(60,'WIFI'),(60,'TV'),(61,'WIFI'),(61,'HUTOSZEKRENY'),(61,'TV'),(62,'WIFI'),(62,'HUTOSZEKRENY'),(62,'TV'),(63,'WIFI'),(63,'MINIBAR'),(64,'WIFI'),(64,'HUTOSZEKRENY'),(64,'TV'),(65,'WIFI'),(65,'HUTOSZEKRENY'),(65,'TV'),(66,'WIFI'),(66,'HUTOSZEKRENY'),(66,'MINIBAR'),(67,'WIFI'),(67,'HUTOSZEKRENY'),(67,'TV'),(68,'WIFI'),(68,'MINIBAR'),(69,'LEGKONDICIONALT'),(69,'WIFI'),(69,'ERKELYTERASZ'),(70,'LEGKONDICIONALT'),(70,'WIFI'),(70,'HUTOSZEKRENY'),(71,'LEGKONDICIONALT'),(71,'WIFI'),(71,'TV'),(72,'LEGKONDICIONALT'),(72,'WIFI'),(72,'TV'),(73,'LEGKONDICIONALT'),(73,'WIFI'),(73,'TV'),(74,'WIFI'),(74,'ERKELYTERASZ'),(74,'HUTOSZEKRENY'),(75,'LEGKONDICIONALT'),(75,'HUTOSZEKRENY'),(76,'LEGKONDICIONALT'),(76,'HUTOSZEKRENY'),(76,'TV'),(77,'LEGKONDICIONALT'),(77,'HUTOSZEKRENY'),(77,'TV'),(78,'HUTOSZEKRENY'),(79,'WIFI'),(79,'HUTOSZEKRENY'),(79,'TV'),(80,'WIFI'),(80,'HUTOSZEKRENY'),(80,'TV'),(81,'WIFI'),(81,'HUTOSZEKRENY'),(81,'TV'),(82,'WIFI'),(82,'HUTOSZEKRENY'),(82,'TV'),(83,'WIFI'),(83,'HUTOSZEKRENY'),(83,'TV'),(84,'WIFI'),(84,'HUTOSZEKRENY'),(84,'TV'),(85,'LEGKONDICIONALT'),(85,'WIFI'),(85,'ERKELYTERASZ'),(86,'LEGKONDICIONALT'),(86,'WIFI'),(86,'HUTOSZEKRENY'),(87,'LEGKONDICIONALT'),(87,'WIFI'),(87,'HUTOSZEKRENY'),(88,'LEGKONDICIONALT'),(88,'WIFI'),(88,'HUTOSZEKRENY'),(89,'LEGKONDICIONALT'),(89,'WIFI'),(89,'HUTOSZEKRENY'),(90,'LEGKONDICIONALT'),(90,'WIFI'),(90,'ERKELYTERASZ'),(91,'LEGKONDICIONALT'),(91,'WIFI'),(91,'HUTOSZEKRENY'),(92,'WIFI'),(92,'ERKELYTERASZ'),(92,'HUTOSZEKRENY'),(93,'WIFI'),(93,'ERKELYTERASZ'),(93,'HUTOSZEKRENY'),(94,'WIFI'),(94,'HUTOSZEKRENY'),(95,'WIFI'),(95,'HUTOSZEKRENY'),(96,'WIFI'),(96,'HUTOSZEKRENY'),(96,'TV'),(97,'LEGKONDICIONALT'),(97,'WIFI'),(97,'HUTOSZEKRENY'),(98,'LEGKONDICIONALT'),(98,'WIFI'),(98,'HUTOSZEKRENY'),(99,'LEGKONDICIONALT'),(99,'TV'),(99,'MINIBAR'),(100,'LEGKONDICIONALT'),(100,'TV'),(100,'MINIBAR'),(101,'TV'),(102,'LEGKONDICIONALT'),(102,'WIFI'),(102,'HUTOSZEKRENY'),(103,'LEGKONDICIONALT'),(103,'WIFI'),(103,'TV'),(104,'LEGKONDICIONALT'),(104,'ERKELYTERASZ'),(104,'MINIBAR'),(105,'LEGKONDICIONALT'),(105,'WIFI'),(105,'TV'),(106,'LEGKONDICIONALT'),(106,'TV'),(106,'MINIBAR'),(107,'LEGKONDICIONALT'),(107,'WIFI'),(107,'TV'),(108,'LEGKONDICIONALT'),(108,'WIFI'),(108,'ERKELYTERASZ'),(109,'LEGKONDICIONALT'),(109,'WIFI'),(109,'ERKELYTERASZ'),(110,'LEGKONDICIONALT'),(110,'WIFI'),(110,'TV'),(111,'LEGKONDICIONALT'),(111,'WIFI'),(111,'ERKELYTERASZ'),(112,'LEGKONDICIONALT'),(112,'WIFI'),(112,'TV'),(113,'LEGKONDICIONALT'),(113,'WIFI'),(113,'HUTOSZEKRENY'),(114,'LEGKONDICIONALT'),(114,'WIFI'),(114,'HUTOSZEKRENY'),(115,'LEGKONDICIONALT'),(115,'WIFI'),(115,'ERKELYTERASZ'),(116,'LEGKONDICIONALT'),(116,'WIFI'),(116,'HUTOSZEKRENY'),(117,'LEGKONDICIONALT'),(117,'WIFI'),(117,'HUTOSZEKRENY'),(118,'LEGKONDICIONALT'),(118,'WIFI'),(118,'TV'),(119,'LEGKONDICIONALT'),(119,'WIFI'),(119,'ERKELYTERASZ'),(120,'LEGKONDICIONALT'),(120,'WIFI'),(120,'TV'),(121,'LEGKONDICIONALT'),(121,'WIFI'),(121,'ERKELYTERASZ'),(122,'LEGKONDICIONALT'),(122,'WIFI'),(122,'ERKELYTERASZ'),(123,'LEGKONDICIONALT'),(123,'WIFI'),(123,'HUTOSZEKRENY'),(124,'LEGKONDICIONALT'),(124,'WIFI'),(124,'HUTOSZEKRENY'),(125,'LEGKONDICIONALT'),(125,'WIFI'),(125,'HUTOSZEKRENY'),(126,'LEGKONDICIONALT'),(126,'WIFI'),(126,'HUTOSZEKRENY'),(127,'WIFI'),(127,'HUTOSZEKRENY'),(128,'LEGKONDICIONALT'),(128,'WIFI'),(128,'TV'),(129,'LEGKONDICIONALT'),(129,'WIFI'),(129,'TV'),(130,'PEZSGOFURDO'),(130,'LEGKONDICIONALT'),(130,'WIFI'),(131,'LEGKONDICIONALT'),(131,'WIFI'),(131,'TV'),(132,'LEGKONDICIONALT'),(132,'WIFI'),(132,'ERKELYTERASZ'),(133,'LEGKONDICIONALT'),(133,'WIFI'),(133,'HUTOSZEKRENY'),(134,'LEGKONDICIONALT'),(134,'WIFI'),(134,'ERKELYTERASZ'),(135,'LEGKONDICIONALT'),(135,'WIFI'),(135,'ERKELYTERASZ'),(136,'LEGKONDICIONALT'),(136,'WIFI'),(136,'TV'),(137,'LEGKONDICIONALT'),(137,'WIFI'),(137,'TV'),(138,'LEGKONDICIONALT'),(138,'WIFI'),(138,'TV'),(139,'LEGKONDICIONALT'),(139,'WIFI'),(139,'TV'),(140,'WIFI'),(140,'HUTOSZEKRENY'),(141,'WIFI'),(142,'WIFI'),(142,'HUTOSZEKRENY'),(143,'LEGKONDICIONALT'),(143,'WIFI'),(144,'LEGKONDICIONALT'),(144,'WIFI'),(144,'HUTOSZEKRENY'),(145,'LEGKONDICIONALT'),(145,'WIFI'),(145,'HUTOSZEKRENY'),(146,'LEGKONDICIONALT'),(146,'WIFI'),(146,'HUTOSZEKRENY'),(147,'LEGKONDICIONALT'),(147,'WIFI'),(147,'BABAAGY'),(148,'LEGKONDICIONALT'),(148,'WIFI'),(149,'WIFI'),(149,'ERKELYTERASZ'),(149,'HUTOSZEKRENY'),(150,'LEGKONDICIONALT'),(150,'WIFI'),(150,'HUTOSZEKRENY'),(151,'LEGKONDICIONALT'),(151,'WIFI'),(151,'TV'),(152,'LEGKONDICIONALT'),(152,'WIFI'),(152,'TV'),(153,'LEGKONDICIONALT'),(153,'WIFI'),(153,'BABAAGY'),(154,'LEGKONDICIONALT'),(154,'WIFI'),(154,'TV'),(155,'LEGKONDICIONALT'),(155,'WIFI'),(155,'ERKELYTERASZ'),(156,'LEGKONDICIONALT'),(156,'WIFI'),(156,'HUTOSZEKRENY'),(157,'LEGKONDICIONALT'),(157,'WIFI'),(157,'ERKELYTERASZ'),(158,'LEGKONDICIONALT'),(158,'WIFI'),(158,'ERKELYTERASZ'),(159,'LEGKONDICIONALT'),(159,'WIFI'),(159,'ERKELYTERASZ'),(160,'LEGKONDICIONALT'),(160,'WIFI'),(160,'ERKELYTERASZ'),(161,'LEGKONDICIONALT'),(161,'WIFI'),(161,'HUTOSZEKRENY'),(162,'WIFI'),(162,'ERKELYTERASZ'),(162,'HUTOSZEKRENY'),(163,'WIFI'),(163,'HUTOSZEKRENY'),(164,'WIFI'),(164,'HUTOSZEKRENY'),(165,'LEGKONDICIONALT'),(165,'WIFI'),(165,'ERKELYTERASZ');
/*!40000 ALTER TABLE `room_room_features` ENABLE KEYS */;
UNLOCK TABLES;
/*!40103 SET TIME_ZONE=@OLD_TIME_ZONE */;

/*!40101 SET SQL_MODE=@OLD_SQL_MODE */;
/*!40014 SET FOREIGN_KEY_CHECKS=@OLD_FOREIGN_KEY_CHECKS */;
/*!40014 SET UNIQUE_CHECKS=@OLD_UNIQUE_CHECKS */;
/*!40101 SET CHARACTER_SET_CLIENT=@OLD_CHARACTER_SET_CLIENT */;
/*!40101 SET CHARACTER_SET_RESULTS=@OLD_CHARACTER_SET_RESULTS */;
/*!40101 SET COLLATION_CONNECTION=@OLD_COLLATION_CONNECTION */;
/*!40111 SET SQL_NOTES=@OLD_SQL_NOTES */;

-- Dump completed on 2020-10-02 10:52:37
